small,big,small_idle,big_idle,small_first,initial_awake,small_p,big_p,policy,wake_threshold,seed,time_h,energy_kwh,edp
4,4,6,6,1,1,4,3,0,1,3,25.689722222,0.385817444,9.911542976
4,4,6,6,1,1,4,3,0,1,1,25.303888889,0.385775833,9.761628823
4,4,6,6,1,1,4,3,0,1,0,25.495555556,0.386107500,9.844025217
4,4,6,6,1,1,4,3,0,1,2,25.359166667,0.383409111,9.722935550
4,4,6,6,1,1,4,3,0,1,5,25.310833333,0.385047111,9.745863255
4,4,6,6,1,1,4,3,0,1,6,25.338888889,0.384060778,9.731673375
4,4,6,6,1,1,4,3,0,1,4,25.693055556,0.383432333,9.851548242
4,4,6,6,1,1,4,3,0,1,7,25.180833333,0.384512500,9.682345177
4,4,6,6,1,1,4,3,0,2,0,25.105277778,0.385852000,9.686921641
4,4,6,6,1,1,4,3,0,2,1,25.353333333,0.385769556,9.780544132
4,4,6,6,1,1,4,3,0,2,2,25.010833333,0.383310833,9.586923367
4,4,6,6,1,1,4,3,0,2,3,25.600555556,0.385633222,9.872424730
4,4,6,6,1,1,4,3,0,2,4,25.586944444,0.383631889,9.815967828
4,4,6,6,1,1,4,3,0,2,7,25.099444444,0.384565778,9.652387375
4,4,6,6,1,1,4,3,0,2,5,25.321666667,0.385269167,9.755657415
4,4,6,6,1,1,4,3,0,2,6,25.102222222,0.384067500,9.640947733
4,4,6,6,1,1,4,3,0,3,0,25.422500000,0.385893667,9.810381741
4,4,6,6,1,1,4,3,0,3,1,25.516388889,0.385780667,9.843729516
4,4,6,6,1,1,4,3,0,3,2,25.221388889,0.383392222,9.669684334
4,4,6,6,1,1,4,3,0,3,3,25.594444444,0.385750278,9.873064054
4,4,6,6,1,1,4,3,0,3,4,25.625277778,0.383415778,9.825135810
4,4,6,6,1,1,4,3,0,3,5,25.350833333,0.385071778,9.761890460
4,4,6,6,1,1,4,3,0,3,6,25.371944444,0.383917556,9.740734891
4,4,6,6,1,1,4,3,0,3,7,25.235833333,0.384453167,9.701996038
4,4,6,6,1,1,4,3,0,4,0,25.324166667,0.385891278,9.772375034
4,4,6,6,1,1,4,3,0,4,1,25.310277778,0.385672000,9.761465451
4,4,6,6,1,1,4,3,0,4,2,25.275000000,0.383401333,9.690468700
4,4,6,6,1,1,4,3,0,4,3,25.646111111,0.385538556,9.887564633
4,4,6,6,1,1,4,3,0,4,4,25.565555556,0.383534000,9.805259784
4,4,6,6,1,1,4,3,0,4,5,25.295833333,0.385155444,9.742827930
4,4,6,6,1,1,4,3,0,4,6,25.214166667,0.383985111,9.681864589
4,4,6,6,1,1,4,3,0,4,7,25.274444444,0.384619778,9.721051206
4,4,6,6,1,1,4,3,0,5,1,25.510833333,0.385980333,9.846679954
4,4,6,6,1,1,4,3,0,5,0,25.133055556,0.385760389,9.695337285
4,4,6,6,1,1,4,3,0,5,2,25.198055556,0.383316000,9.658817863
4,4,6,6,1,1,4,3,0,5,3,25.655000000,0.385497500,9.889938363
4,4,6,6,1,1,4,3,0,5,4,25.585555556,0.383784389,9.819336803
4,4,6,6,1,1,4,3,0,5,5,25.448888889,0.385215000,9.803293733
4,4,6,6,1,1,4,3,0,5,6,25.217500000,0.384043056,9.684605753
4,4,6,6,1,1,4,3,0,5,7,25.206111111,0.384602167,9.694324947
4,4,6,6,1,1,4,3,0,6,0,25.356666667,0.385680389,9.779569061
4,4,6,6,1,1,4,3,0,6,1,25.537500000,0.385814944,9.852749144
4,4,6,6,1,1,4,3,0,6,2,25.182500000,0.383409444,9.655208335
4,4,6,6,1,1,4,3,0,6,3,25.723055556,0.385731333,9.922188517
4,4,6,6,1,1,4,3,0,6,4,25.290555556,0.383430444,9.697168957
4,4,6,6,1,1,4,3,0,6,5,25.639722222,0.385168222,9.875606227
4,4,6,6,1,1,4,3,0,6,6,25.343888889,0.384024944,9.732685523
4,4,6,6,1,1,4,3,0,6,7,25.423333333,0.384548722,9.776510348
4,4,6,6,1,1,4,3,0,7,0,25.207222222,0.386080167,9.732008557
4,4,6,6,1,1,4,3,0,7,1,25.674444444,0.385910500,9.908037693
4,4,6,6,1,1,4,3,0,7,2,25.445555556,0.383305778,9.753428463
4,4,6,6,1,1,4,3,0,7,3,25.700555556,0.385624556,9.910765314
4,4,6,6,1,1,4,3,0,7,4,25.638888889,0.383526444,9.833191895
4,4,6,6,1,1,4,3,0,7,5,25.644444444,0.385259333,9.879761570
4,4,6,6,1,1,4,3,0,7,6,25.113333333,0.383887222,9.640687774
4,4,6,6,1,1,4,3,0,7,7,24.994166667,0.384495389,9.610141832
4,4,6,6,1,1,4,3,0,8,0,25.385277778,0.385690833,9.790868941
4,4,6,6,1,1,4,3,0,8,1,25.680833333,0.385888611,9.909941107
4,4,6,6,1,1,4,3,0,8,2,25.108888889,0.383130944,9.619992314
4,4,6,6,1,1,4,3,0,8,3,25.641666667,0.385749389,9.891257247
4,4,6,6,1,1,4,3,0,8,4,25.701666667,0.383690222,9.861478195
4,4,6,6,1,1,4,3,0,8,5,25.506111111,0.384795222,9.814629693
4,4,6,6,1,1,4,3,0,8,6,25.046944444,0.383833444,9.613854959
4,4,6,6,1,1,4,3,0,8,7,25.298611111,0.384469056,9.726533121
4,4,6,6,1,1,4,3,1,1,1,25.188055556,0.385697611,9.714972856
4,4,6,6,1,1,4,3,1,1,0,25.280000000,0.385797500,9.752960800
4,4,6,6,1,1,4,3,1,1,2,25.108055556,0.383318556,9.624383588
4,4,6,6,1,1,4,3,1,1,3,25.518611111,0.385909611,9.847877290
4,4,6,6,1,1,4,3,1,1,4,25.538333333,0.383429000,9.792137612
4,4,6,6,1,1,4,3,1,1,5,25.302777778,0.385058944,9.743060903
4,4,6,6,1,1,4,3,1,1,6,25.215833333,0.383890056,9.680107659
4,4,6,6,1,1,4,3,1,1,7,25.215555556,0.384626000,9.698558271
4,4,6,6,1,1,4,3,1,2,2,25.110000000,0.383133278,9.620476605
4,4,6,6,1,1,4,3,1,2,0,25.469444444,0.385775778,9.825494740
4,4,6,6,1,1,4,3,1,2,1,25.426388889,0.385882500,9.811598510
4,4,6,6,1,1,4,3,1,2,3,25.854444444,0.386089222,9.982122347
4,4,6,6,1,1,4,3,1,2,4,25.510555556,0.383551778,9.784618935
4,4,6,6,1,1,4,3,1,2,6,25.301944444,0.384218556,9.721476547
4,4,6,6,1,1,4,3,1,2,5,25.368611111,0.385019667,9.767414194
4,4,6,6,1,1,4,3,1,2,7,25.128888889,0.384580556,9.664082049
4,4,6,6,1,1,4,3,1,3,0,25.367777778,0.385964056,9.791050392
4,4,6,6,1,1,4,3,1,3,1,25.238611111,0.385776056,9.736451842
4,4,6,6,1,1,4,3,1,3,2,25.253888889,0.383131389,9.675557525
4,4,6,6,1,1,4,3,1,3,3,25.692222222,0.385732444,9.910323681
4,4,6,6,1,1,4,3,1,3,4,25.570833333,0.383565333,9.808085211
4,4,6,6,1,1,4,3,1,3,5,25.290833333,0.384969056,9.736188223
4,4,6,6,1,1,4,3,1,3,6,25.235277778,0.384192556,9.695205860
4,4,6,6,1,1,4,3,1,3,7,25.139166667,0.384588444,9.668233003
4,4,6,6,1,1,4,3,1,4,1,25.558333333,0.385801444,9.860441918
4,4,6,6,1,1,4,3,1,4,0,25.383888889,0.385877000,9.795058893
4,4,6,6,1,1,4,3,1,4,2,25.237500000,0.383217889,9.671461471
4,4,6,6,1,1,4,3,1,4,3,25.529444444,0.385797556,9.849197261
4,4,6,6,1,1,4,3,1,4,4,25.492222222,0.383644611,9.779953681
4,4,6,6,1,1,4,3,1,4,5,25.302222222,0.385182500,9.745973211
4,4,6,6,1,1,4,3,1,4,6,25.316111111,0.384021722,9.721936589
4,4,6,6,1,1,4,3,1,4,7,25.145000000,0.384599000,9.670741855
4,4,6,6,1,1,4,3,1,5,0,25.439722222,0.385522389,9.807582484
4,4,6,6,1,1,4,3,1,5,2,25.068888889,0.383279833,9.608399555
4,4,6,6,1,1,4,3,1,5,1,25.678333333,0.385851111,9.908013448
4,4,6,6,1,1,4,3,1,5,3,25.666666667,0.385653056,9.898428426
4,4,6,6,1,1,4,3,1,5,4,25.569166667,0.383556333,9.807215813
4,4,6,6,1,1,4,3,1,5,5,25.493611111,0.384953000,9.813842078
4,4,6,6,1,1,4,3,1,5,6,25.376111111,0.383982389,9.743979765
4,4,6,6,1,1,4,3,1,5,7,25.235833333,0.384622944,9.706280522
4,4,6,6,1,1,4,3,1,6,0,25.140277778,0.385850611,9.700391544
4,4,6,6,1,1,4,3,1,6,2,25.174166667,0.383215222,9.647123873
4,4,6,6,1,1,4,3,1,6,1,25.680833333,0.385888389,9.909935400
4,4,6,6,1,1,4,3,1,6,3,25.632777778,0.385782056,9.888665701
4,4,6,6,1,1,4,3,1,6,4,25.670555556,0.383511222,9.844946136
4,4,6,6,1,1,4,3,1,6,5,25.430833333,0.385084056,9.793008436
4,4,6,6,1,1,4,3,1,6,6,25.314444444,0.384086389,9.722933553
4,4,6,6,1,1,4,3,1,6,7,25.456666667,0.384510944,9.788366942
4,4,6,6,1,1,4,3,1,7,0,25.435000000,0.385719167,9.810767004
4,4,6,6,1,1,4,3,1,7,1,25.506666667,0.385883333,9.842597556
4,4,6,6,1,1,4,3,1,7,2,25.032777778,0.383195389,9.592445016
4,4,6,6,1,1,4,3,1,7,3,25.600555556,0.385818944,9.877179322
4,4,6,6,1,1,4,3,1,7,4,25.646111111,0.383583111,9.837415088
4,4,6,6,1,1,4,3,1,7,5,25.464722222,0.385164111,9.808097099
4,4,6,6,1,1,4,3,1,7,6,25.313888889,0.384086111,9.722713140
4,4,6,6,1,1,4,3,1,7,7,24.961388889,0.384555500,9.599039385
4,4,6,6,1,1,4,3,1,8,0,25.431666667,0.385717556,9.809440300
4,4,6,6,1,1,4,3,1,8,1,25.601944444,0.385864889,9.878891448
4,4,6,6,1,1,4,3,1,8,2,25.460555556,0.383311444,9.759322326
4,4,6,6,1,1,4,3,1,8,3,25.544444444,0.385635889,9.850854540
4,4,6,6,1,1,4,3,1,8,4,25.714722222,0.383436333,9.859958802
4,4,6,6,1,1,4,3,1,8,5,25.611111111,0.385119000,9.863325500
4,4,6,6,1,1,4,3,1,8,7,24.988333333,0.384489667,9.607755954
4,4,6,6,1,1,4,3,1,8,6,25.493611111,0.383870056,9.786233914
4,4,6,6,1,1,4,3,2,1,0,25.228055556,0.385858833,9.734468084
4,4,6,6,1,1,4,3,2,1,1,25.340555556,0.385918111,9.779379335
4,4,6,6,1,1,4,3,2,1,3,25.510555556,0.385697611,9.839360336
4,4,6,6,1,1,4,3,2,1,2,25.351388889,0.383128667,9.712843823
4,4,6,6,1,1,4,3,2,1,4,25.607777778,0.383532222,9.821407917
4,4,6,6,1,1,4,3,2,1,5,25.434722222,0.385250000,9.798726736
4,4,6,6,1,1,4,3,2,1,7,25.036666667,0.384422333,9.624653819
4,4,6,6,1,1,4,3,2,1,6,25.314722222,0.383893389,9.718154503
4,4,6,6,1,1,4,3,2,2,0,25.292222222,0.385819167,9.758224101
4,4,6,6,1,1,4,3,2,2,1,25.420277778,0.385806722,9.807314047
4,4,6,6,1,1,4,3,2,2,3,25.514444444,0.385535722,9.836729766
4,4,6,6,1,1,4,3,2,2,2,25.489722222,0.383207111,9.767842816
4,4,6,6,1,1,4,3,2,2,4,25.600000000,0.383593389,9.819990756
4,4,6,6,1,1,4,3,2,2,5,25.573888889,0.385094556,9.848365375
4,4,6,6,1,1,4,3,2,2,6,25.388055556,0.384073833,9.750887818
4,4,6,6,1,1,4,3,2,2,7,25.045000000,0.384439778,9.628294234
4,4,6,6,1,1,4,3,2,3,0,25.201388889,0.385967444,9.726915666
4,4,6,6,1,1,4,3,2,3,2,25.234444444,0.383186722,9.669504054
4,4,6,6,1,1,4,3,2,3,1,25.656111111,0.385787222,9.897799839
4,4,6,6,1,1,4,3,2,3,3,25.457777778,0.385836056,9.822528561
4,4,6,6,1,1,4,3,2,3,4,25.502777778,0.383606333,9.783027073
4,4,6,6,1,1,4,3,2,3,5,25.459444444,0.385127944,9.805143506
4,4,6,6,1,1,4,3,2,3,6,25.312500000,0.384158333,9.724007813
4,4,6,6,1,1,4,3,2,3,7,25.242777778,0.384642444,9.709443749
4,4,6,6,1,1,4,3,2,4,0,25.357777778,0.385772389,9.782330510
4,4,6,6,1,1,4,3,2,4,1,25.335277778,0.385839444,9.775349503
4,4,6,6,1,1,4,3,2,4,2,25.244722222,0.383178444,9.673233392
4,4,6,6,1,1,4,3,2,4,3,25.676944444,0.385573667,9.900353618
4,4,6,6,1,1,4,3,2,4,4,25.500000000,0.383381167,9.776219750
4,4,6,6,1,1,4,3,2,4,5,25.442777778,0.384920500,9.793446744
4,4,6,6,1,1,4,3,2,4,6,25.518333333,0.384119500,9.802089441
4,4,6,6,1,1,4,3,2,4,7,25.414166667,0.384386556,9.768863987
4,4,6,6,1,1,4,3,2,5,0,25.300000000,0.385934389,9.764140039
4,4,6,6,1,1,4,3,2,5,1,25.461111111,0.385924611,9.826069404
4,4,6,6,1,1,4,3,2,5,3,25.665000000,0.385833889,9.902426758
4,4,6,6,1,1,4,3,2,5,2,25.395555556,0.383402667,9.736723721
4,4,6,6,1,1,4,3,2,5,4,25.706944444,0.383644222,9.862320707
4,4,6,6,1,1,4,3,2,5,5,25.593888889,0.385023056,9.854237304
4,4,6,6,1,1,4,3,2,5,6,25.335833333,0.384163556,9.733103816
4,4,6,6,1,1,4,3,2,5,7,25.385277778,0.384423444,9.758695922
4,4,6,6,1,1,4,3,2,6,0,25.301944444,0.385950000,9.765285458
4,4,6,6,1,1,4,3,2,6,1,25.166111111,0.385660944,9.705586179
4,4,6,6,1,1,4,3,2,6,2,25.262222222,0.383368778,9.684747257
4,4,6,6,1,1,4,3,2,6,3,25.691666667,0.385653889,9.908091162
4,4,6,6,1,1,4,3,2,6,4,25.613333333,0.383517722,9.823167259
4,4,6,6,1,1,4,3,2,6,5,25.636666667,0.385085056,9.872297208
4,4,6,6,1,1,4,3,2,6,6,25.332777778,0.383892056,9.725052134
4,4,6,6,1,1,4,3,2,6,7,25.430277778,0.384565222,9.779600425
4,4,6,6,1,1,4,3,2,7,0,25.409444444,0.385789556,9.802698279
4,4,6,6,1,1,4,3,2,7,1,25.541944444,0.385900000,9.856636361
4,4,6,6,1,1,4,3,2,7,2,25.211111111,0.383351611,9.664720062
4,4,6,6,1,1,4,3,2,7,3,25.584166667,0.385784222,9.869967839
4,4,6,6,1,1,4,3,2,7,4,25.656111111,0.383653444,9.843055399
4,4,6,6,1,1,4,3,2,7,5,25.205555556,0.384974444,9.703494747
4,4,6,6,1,1,4,3,2,7,6,25.448055556,0.383873389,9.768831327
4,4,6,6,1,1,4,3,2,7,7,25.007500000,0.384448278,9.614090307
4,4,6,6,1,1,4,3,2,8,0,25.255555556,0.385686389,9.740724022
4,4,6,6,1,1,4,3,2,8,1,25.598055556,0.385993056,9.880671680
4,4,6,6,1,1,4,3,2,8,2,24.985000000,0.383066333,9.570912338
4,4,6,6,1,1,4,3,2,8,3,25.687777778,0.385710833,9.908054173
4,4,6,6,1,1,4,3,2,8,4,25.321388889,0.383354444,9.707066970
4,4,6,6,1,1,4,3,2,8,5,25.541111111,0.385123167,9.836473591
4,4,6,6,1,1,4,3,2,8,7,24.946944444,0.384533111,9.592926160
4,4,6,6,1,1,4,3,2,8,6,25.414722222,0.384130722,9.762575602
4,4,6,6,1,1,4,3,3,1,0,25.312500000,0.385795167,9.765440156
4,4,6,6,1,1,4,3,3,1,1,25.643888889,0.385759167,9.892365208
4,4,6,6,1,1,4,3,3,1,3,25.584444444,0.385611444,9.865654578
4,4,6,6,1,1,4,3,3,1,2,25.271111111,0.383314500,9.686783320
4,4,6,6,1,1,4,3,3,1,4,25.547222222,0.383664667,9.801566498
4,4,6,6,1,1,4,3,3,1,5,25.324722222,0.385039778,9.751025417
4,4,6,6,1,1,4,3,3,1,6,25.210277778,0.384103500,9.683355930
4,4,6,6,1,1,4,3,3,1,7,25.123611111,0.384556556,9.661449352
4,4,6,6,1,1,4,3,3,2,0,25.139166667,0.385841000,9.699721206
4,4,6,6,1,1,4,3,3,2,1,25.568055556,0.385854333,9.865545031
4,4,6,6,1,1,4,3,3,2,2,25.272777778,0.383313444,9.687395501
4,4,6,6,1,1,4,3,3,2,3,25.549722222,0.385770778,9.856336214
4,4,6,6,1,1,4,3,3,2,4,25.609722222,0.383630389,9.824667695
4,4,6,6,1,1,4,3,3,2,5,25.351666667,0.385245222,9.766608459
4,4,6,6,1,1,4,3,3,2,6,25.358888889,0.384107833,9.740547867
4,4,6,6,1,1,4,3,3,2,7,25.220277778,0.384658611,9.701197022
4,4,6,6,1,1,4,3,3,3,0,25.303333333,0.385857333,9.763476724
4,4,6,6,1,1,4,3,3,3,1,25.373333333,0.385806500,9.789196927
4,4,6,6,1,1,4,3,3,3,2,25.161666667,0.383328889,9.645193726
4,4,6,6,1,1,4,3,3,3,3,25.470000000,0.385673556,9.823105460
4,4,6,6,1,1,4,3,3,3,4,25.577222222,0.383529333,9.809614987
4,4,6,6,1,1,4,3,3,3,5,25.292777778,0.385143333,9.741344743
4,4,6,6,1,1,4,3,3,3,6,25.470000000,0.384208056,9.785779175
4,4,6,6,1,1,4,3,3,3,7,25.212222222,0.384461667,9.693132976
4,4,6,6,1,1,4,3,3,4,0,25.317222222,0.385859444,9.768889302
4,4,6,6,1,1,4,3,3,4,1,25.577222222,0.386026111,9.873475627
4,4,6,6,1,1,4,3,3,4,2,24.986666667,0.383223944,9.575488959
4,4,6,6,1,1,4,3,3,4,3,25.666111111,0.385684778,9.899028360
4,4,6,6,1,1,4,3,3,4,4,25.613333333,0.383546722,9.823910045
4,4,6,6,1,1,4,3,3,4,5,25.535277778,0.385046833,9.832277847
4,4,6,6,1,1,4,3,3,4,6,25.234444444,0.384170889,9.694338953
4,4,6,6,1,1,4,3,3,4,7,25.335555556,0.384624333,9.744671165
4,4,6,6,1,1,4,3,3,5,0,25.456111111,0.385923556,9.824112911
4,4,6,6,1,1,4,3,3,5,1,25.551111111,0.385871389,9.859442732
4,4,6,6,1,1,4,3,3,5,2,25.334722222,0.383393778,9.713174862
4,4,6,6,1,1,4,3,3,5,3,25.720833333,0.385827000,9.923791962
4,4,6,6,1,1,4,3,3,5,4,25.804166667,0.383547722,9.897129349
4,4,6,6,1,1,4,3,3,5,5,25.370555556,0.385159056,9.771699217
4,4,6,6,1,1,4,3,3,5,6,25.237222222,0.384168944,9.695357022
4,4,6,6,1,1,4,3,3,5,7,25.336111111,0.384471111,9.741002790
4,4,6,6,1,1,4,3,3,6,0,25.376666667,0.385872111,9.792147940
4,4,6,6,1,1,4,3,3,6,1,25.590277778,0.385883444,9.874864533
4,4,6,6,1,1,4,3,3,6,2,25.281111111,0.383430722,9.693554692
4,4,6,6,1,1,4,3,3,6,3,25.736388889,0.385629333,9.924706490
4,4,6,6,1,1,4,3,3,6,4,25.593611111,0.383598333,9.817666566
4,4,6,6,1,1,4,3,3,6,5,25.451666667,0.385333056,9.807368486
4,4,6,6,1,1,4,3,3,6,7,24.980555556,0.384523278,9.605605103
4,4,6,6,1,1,4,3,3,6,6,25.110555556,0.383963667,9.641540983
4,4,6,6,1,1,4,3,3,7,0,25.249722222,0.385866833,9.743030356
4,4,6,6,1,1,4,3,3,7,1,25.341944444,0.385729056,9.775124296
4,4,6,6,1,1,4,3,3,7,3,25.703333333,0.385690722,9.913537197
4,4,6,6,1,1,4,3,3,7,2,25.341111111,0.383283056,9.712818498
4,4,6,6,1,1,4,3,3,7,4,25.565000000,0.383439722,9.802636499
4,4,6,6,1,1,4,3,3,7,5,25.566944444,0.384972611,9.842573361
4,4,6,6,1,1,4,3,3,7,6,25.140833333,0.384178944,9.658578812
4,4,6,6,1,1,4,3,3,7,7,25.015555556,0.384576500,9.620394801
4,4,6,6,1,1,4,3,3,8,0,25.341944444,0.385751167,9.775684635
4,4,6,6,1,1,4,3,3,8,1,25.663333333,0.385915889,9.903888095
4,4,6,6,1,1,4,3,3,8,2,25.458055556,0.383412000,9.760923997
4,4,6,6,1,1,4,3,3,8,3,25.729444444,0.385759000,9.925364759
4,4,6,6,1,1,4,3,3,8,4,25.304166667,0.383283167,9.698661130
4,4,6,6,1,1,4,3,3,8,5,25.678333333,0.385072722,9.888025719
4,4,6,6,1,1,4,3,3,8,6,25.453611111,0.384016778,9.774613722
4,4,6,6,1,1,4,3,3,8,7,25.009444444,0.384531667,9.616923355
4,4,6,6,1,1,4,3,4,1,0,25.565833333,0.385820167,9.863814078
4,4,6,6,1,1,4,3,4,1,1,25.347500000,0.385985944,9.783778727
4,4,6,6,1,1,4,3,4,1,2,25.110000000,0.383408722,9.627393015
4,4,6,6,1,1,4,3,4,1,3,25.864722222,0.385640722,9.974490158
4,4,6,6,1,1,4,3,4,1,4,25.483888889,0.383594500,9.775479616
4,4,6,6,1,1,4,3,4,1,5,25.371666667,0.385229278,9.773908826
4,4,6,6,1,1,4,3,4,1,6,25.279444444,0.384199444,9.712348511
4,4,6,6,1,1,4,3,4,1,7,25.146666667,0.384544556,9.670013757
4,4,6,6,1,1,4,3,4,2,0,25.294444444,0.385829833,9.759351284
4,4,6,6,1,1,4,3,4,2,1,25.361388889,0.385987167,9.789170640
4,4,6,6,1,1,4,3,4,2,2,25.034444444,0.383511500,9.600997341
4,4,6,6,1,1,4,3,4,2,3,25.453888889,0.385643111,9.816116901
4,4,6,6,1,1,4,3,4,2,4,25.570277778,0.383760944,9.812873950
4,4,6,6,1,1,4,3,4,2,5,25.643888889,0.385077111,9.874874651
4,4,6,6,1,1,4,3,4,2,7,25.181666667,0.384479889,9.681844402
4,4,6,6,1,1,4,3,4,2,6,25.460277778,0.384213556,9.782183850
4,4,6,6,1,1,4,3,4,3,0,25.267777778,0.385780500,9.747815945
4,4,6,6,1,1,4,3,4,3,1,25.370277778,0.385852000,9.789172421
4,4,6,6,1,1,4,3,4,3,2,25.167777778,0.383114611,9.642143396
4,4,6,6,1,1,4,3,4,3,3,25.530833333,0.385998444,9.854861952
4,4,6,6,1,1,4,3,4,3,4,25.608333333,0.383488889,9.820511296
4,4,6,6,1,1,4,3,4,3,5,25.182777778,0.385135111,9.698771918
4,4,6,6,1,1,4,3,4,3,6,25.259166667,0.384118000,9.702500582
4,4,6,6,1,1,4,3,4,3,7,24.979722222,0.384454389,9.603563842
4,4,6,6,1,1,4,3,4,4,0,25.361111111,0.385889556,9.786587895
4,4,6,6,1,1,4,3,4,4,1,25.447500000,0.385870167,9.819431066
4,4,6,6,1,1,4,3,4,4,2,25.090833333,0.383342444,9.618381383
4,4,6,6,1,1,4,3,4,4,3,25.486666667,0.385690111,9.829955299
4,4,6,6,1,1,4,3,4,4,4,25.585277778,0.383566167,9.813646920
4,4,6,6,1,1,4,3,4,4,5,25.333055556,0.385134056,9.756622426
4,4,6,6,1,1,4,3,4,4,6,25.285555556,0.384129556,9.712929218
4,4,6,6,1,1,4,3,4,4,7,25.428611111,0.384519889,9.777806719
4,4,6,6,1,1,4,3,4,5,0,25.135833333,0.385787500,9.697090302
4,4,6,6,1,1,4,3,4,5,1,25.196944444,0.385937333,9.724441547
4,4,6,6,1,1,4,3,4,5,2,25.322222222,0.383375667,9.707923826
4,4,6,6,1,1,4,3,4,5,3,25.595000000,0.385819722,9.875055790
4,4,6,6,1,1,4,3,4,5,4,25.616111111,0.383775611,9.830838696
4,4,6,6,1,1,4,3,4,5,5,25.334722222,0.384840278,9.749821537
4,4,6,6,1,1,4,3,4,5,6,25.370555556,0.384024722,9.742920550
4,4,6,6,1,1,4,3,4,5,7,25.229444444,0.384746944,9.706951660
4,4,6,6,1,1,4,3,4,6,0,25.383055556,0.386014556,9.798228909
4,4,6,6,1,1,4,3,4,6,1,25.604722222,0.386011667,9.883721500
4,4,6,6,1,1,4,3,4,6,2,25.255555556,0.383543944,9.686615397
4,4,6,6,1,1,4,3,4,6,3,25.635555556,0.385762833,9.889244545
4,4,6,6,1,1,4,3,4,6,4,25.531111111,0.383510500,9.791449188
4,4,6,6,1,1,4,3,4,6,5,25.505000000,0.385207167,9.824708786
4,4,6,6,1,1,4,3,4,6,6,25.235555556,0.384161278,9.694523268
4,4,6,6,1,1,4,3,4,6,7,25.031388889,0.384457333,9.623501022
4,4,6,6,1,1,4,3,4,7,0,25.360000000,0.385923667,9.787024187
4,4,6,6,1,1,4,3,4,7,1,25.525555556,0.385751722,9.846527016
4,4,6,6,1,1,4,3,4,7,2,25.303055556,0.383293056,9.698485479
4,4,6,6,1,1,4,3,4,7,3,25.618055556,0.385715389,9.881278261
4,4,6,6,1,1,4,3,4,7,4,25.616666667,0.383624278,9.827175249
4,4,6,6,1,1,4,3,4,7,5,25.468611111,0.385069667,9.807189591
4,4,6,6,1,1,4,3,4,7,6,25.403888889,0.384225111,9.760812031
4,4,6,6,1,1,4,3,4,7,7,25.447777778,0.384791500,9.792088583
4,4,6,6,1,1,4,3,4,8,1,25.439444444,0.385797278,9.814468415
4,4,6,6,1,1,4,3,4,8,0,25.556388889,0.385587556,9.854225520
4,4,6,6,1,1,4,3,4,8,2,25.404444444,0.383387278,9.739740799
4,4,6,6,1,1,4,3,4,8,3,25.630277778,0.386014167,9.893650318
4,4,6,6,1,1,4,3,4,8,4,25.571944444,0.383752611,9.813300452
4,4,6,6,1,1,4,3,4,8,5,25.528055556,0.385217444,9.833852323
4,4,6,6,1,2,4,3,0,1,0,25.495555556,0.386184389,9.845985542
4,4,6,6,1,2,4,3,0,1,1,25.303888889,0.385820056,9.762747817
4,4,6,6,1,1,4,3,4,8,6,25.473055556,0.384423833,9.792449663
4,4,6,6,1,2,4,3,0,1,2,25.359166667,0.383464778,9.724347210
4,4,6,6,1,1,4,3,4,8,7,25.032500000,0.384455611,9.623885085
4,4,6,6,1,2,4,3,0,1,3,25.689722222,0.385855444,9.912519186
4,4,6,6,1,2,4,3,0,1,4,25.693055556,0.383497444,9.853221146
4,4,6,6,1,2,4,3,0,1,5,25.310833333,0.385120833,9.747729226
4,4,6,6,1,2,4,3,0,1,6,25.338888889,0.384123556,9.733264094
4,4,6,6,1,2,4,3,0,1,7,25.180833333,0.384569111,9.683770692
4,4,6,6,1,2,4,3,0,2,0,25.105277778,0.385912833,9.688448879
4,4,6,6,1,2,4,3,0,2,1,25.353333333,0.385834500,9.782190690
4,4,6,6,1,2,4,3,0,2,2,25.010833333,0.383382500,9.588715810
4,4,6,6,1,2,4,3,0,2,3,25.600555556,0.385692167,9.873933740
4,4,6,6,1,2,4,3,0,2,4,25.586944444,0.383703278,9.817794452
4,4,6,6,1,2,4,3,0,2,5,25.321666667,0.385307500,9.756628079
4,4,6,6,1,2,4,3,0,2,6,25.102222222,0.384133500,9.642604480
4,4,6,6,1,2,4,3,0,2,7,25.099444444,0.384668833,9.654974012
4,4,6,6,1,2,4,3,0,3,0,25.422500000,0.385940111,9.811562475
4,4,6,6,1,2,4,3,0,3,1,25.516388889,0.385822667,9.844801205
4,4,6,6,1,2,4,3,0,3,2,25.221388889,0.383453889,9.671239653
4,4,6,6,1,2,4,3,0,3,3,25.594444444,0.385789722,9.874073613
4,4,6,6,1,2,4,3,0,3,5,25.350833333,0.385140278,9.763626992
4,4,6,6,1,2,4,3,0,3,4,25.625277778,0.383486000,9.826935274
4,4,6,6,1,2,4,3,0,3,6,25.371944444,0.383976833,9.742238883
4,4,6,6,1,2,4,3,0,3,7,25.235833333,0.384522722,9.703751331
4,4,6,6,1,2,4,3,0,4,0,25.324166667,0.385977500,9.774558540
4,4,6,6,1,2,4,3,0,4,1,25.310277778,0.385730333,9.762941884
4,4,6,6,1,2,4,3,0,4,2,25.275000000,0.383440944,9.691469871
4,4,6,6,1,2,4,3,0,4,3,25.646111111,0.385600167,9.889144719
4,4,6,6,1,2,4,3,0,4,5,25.295833333,0.385233167,9.744793978
4,4,6,6,1,2,4,3,0,4,4,25.565555556,0.383619333,9.807441379
4,4,6,6,1,2,4,3,0,4,6,25.214166667,0.384018889,9.682716268
4,4,6,6,1,2,4,3,0,4,7,25.274444444,0.384706722,9.723248678
4,4,6,6,1,2,4,3,0,5,0,25.133055556,0.385803833,9.696429177
4,4,6,6,1,2,4,3,0,5,1,25.510833333,0.386026389,9.847854869
4,4,6,6,1,2,4,3,0,5,2,25.198055556,0.383409222,9.661166882
4,4,6,6,1,2,4,3,0,5,3,25.655000000,0.385541611,9.891070033
4,4,6,6,1,2,4,3,0,5,4,25.585555556,0.383861389,9.821306891
4,4,6,6,1,2,4,3,0,5,5,25.448888889,0.385282722,9.805017189
4,4,6,6,1,2,4,3,0,5,6,25.217500000,0.384094611,9.685905856
4,4,6,6,1,2,4,3,0,5,7,25.206111111,0.384693278,9.696621503
4,4,6,6,1,2,4,3,0,6,0,25.356666667,0.385754611,9.781451089
4,4,6,6,1,2,4,3,0,6,1,25.537500000,0.385860278,9.853906844
4,4,6,6,1,2,4,3,0,6,2,25.182500000,0.383492667,9.657304078
4,4,6,6,1,2,4,3,0,6,3,25.723055556,0.385785389,9.923578991
4,4,6,6,1,2,4,3,0,6,4,25.290555556,0.383510167,9.699185176
4,4,6,6,1,2,4,3,0,6,5,25.639722222,0.385225444,9.877073388
4,4,6,6,1,2,4,3,0,6,6,25.343888889,0.384082778,9.734151244
4,4,6,6,1,2,4,3,0,6,7,25.423333333,0.384647778,9.779028670
4,4,6,6,1,2,4,3,0,7,0,25.207222222,0.386155222,9.733900499
4,4,6,6,1,2,4,3,0,7,1,25.674444444,0.385942056,9.908847864
4,4,6,6,1,2,4,3,0,7,2,25.445555556,0.383379556,9.755305780
4,4,6,6,1,2,4,3,0,7,3,25.700555556,0.385707333,9.912892749
4,4,6,6,1,2,4,3,0,7,4,25.638888889,0.383582944,9.834640492
4,4,6,6,1,2,4,3,0,7,5,25.644444444,0.385316667,9.881231852
4,4,6,6,1,2,4,3,0,7,6,25.113333333,0.383955500,9.642402457
4,4,6,6,1,2,4,3,0,7,7,24.994166667,0.384579222,9.612237177
4,4,6,6,1,2,4,3,0,8,0,25.385277778,0.385722722,9.791678449
4,4,6,6,1,2,4,3,0,8,1,25.680833333,0.385936778,9.911178067
4,4,6,6,1,2,4,3,0,8,2,25.108888889,0.383223500,9.622316281
4,4,6,6,1,2,4,3,0,8,3,25.641666667,0.385787944,9.892245875
4,4,6,6,1,2,4,3,0,8,4,25.701666667,0.383748833,9.862984598
4,4,6,6,1,2,4,3,0,8,5,25.506111111,0.384839111,9.815749128
4,4,6,6,1,2,4,3,0,8,6,25.046944444,0.383865667,9.614662027
4,4,6,6,1,2,4,3,0,8,7,25.298611111,0.384558278,9.728790319
4,4,6,6,1,2,4,3,1,1,0,25.280000000,0.385859722,9.754533778
4,4,6,6,1,2,4,3,1,1,1,25.188055556,0.385774889,9.716919333
4,4,6,6,1,2,4,3,1,1,2,25.108055556,0.383398389,9.626388048
4,4,6,6,1,2,4,3,1,1,3,25.518611111,0.385982833,9.849745819
4,4,6,6,1,2,4,3,1,1,6,25.215833333,0.383938389,9.681326424
4,4,6,6,1,2,4,3,1,1,5,25.302777778,0.385096833,9.744019597
4,4,6,6,1,2,4,3,1,1,4,25.538333333,0.383497444,9.793885569
4,4,6,6,1,2,4,3,1,1,7,25.215555556,0.384712778,9.700746421
4,4,6,6,1,2,4,3,1,2,1,25.426388889,0.385931778,9.812851466
4,4,6,6,1,2,4,3,1,2,2,25.110000000,0.383211611,9.622443555
4,4,6,6,1,2,4,3,1,2,0,25.469444444,0.385828889,9.826847451
4,4,6,6,1,2,4,3,1,2,3,25.854444444,0.386150278,9.983700904
4,4,6,6,1,2,4,3,1,2,4,25.510555556,0.383619333,9.786342315
4,4,6,6,1,2,4,3,1,2,5,25.368611111,0.385093722,9.769292880
4,4,6,6,1,2,4,3,1,2,6,25.301944444,0.384279111,9.723008720
4,4,6,6,1,2,4,3,1,2,7,25.128888889,0.384663667,9.666170539
4,4,6,6,1,2,4,3,1,3,1,25.238611111,0.385818444,9.737521679
4,4,6,6,1,2,4,3,1,3,0,25.367777778,0.386035444,9.792861369
4,4,6,6,1,2,4,3,1,3,2,25.253888889,0.383201278,9.677322491
4,4,6,6,1,2,4,3,1,3,3,25.692222222,0.385794389,9.911915171
4,4,6,6,1,2,4,3,1,3,5,25.290833333,0.385023167,9.737556738
4,4,6,6,1,2,4,3,1,3,4,25.570833333,0.383628389,9.809697594
4,4,6,6,1,2,4,3,1,3,6,25.235277778,0.384262944,9.696982143
4,4,6,6,1,2,4,3,1,3,7,25.139166667,0.384671611,9.670323744
4,4,6,6,1,2,4,3,1,4,0,25.383888889,0.385967889,9.797366006
4,4,6,6,1,2,4,3,1,4,1,25.558333333,0.385854278,9.861792250
4,4,6,6,1,2,4,3,1,4,2,25.237500000,0.383306833,9.673706206
4,4,6,6,1,2,4,3,1,4,3,25.529444444,0.385873833,9.851144591
4,4,6,6,1,2,4,3,1,4,4,25.492222222,0.383740000,9.782385356
4,4,6,6,1,2,4,3,1,4,5,25.302222222,0.385220278,9.746929073
4,4,6,6,1,2,4,3,1,4,6,25.316111111,0.384077000,9.723336007
4,4,6,6,1,2,4,3,1,4,7,25.145000000,0.384678222,9.672733898
4,4,6,6,1,2,4,3,1,5,0,25.439722222,0.385594167,9.809408491
4,4,6,6,1,2,4,3,1,5,2,25.068888889,0.383350056,9.610159948
4,4,6,6,1,2,4,3,1,5,1,25.678333333,0.385902556,9.909334456
4,4,6,6,1,2,4,3,1,5,3,25.666666667,0.385716889,9.900066815
4,4,6,6,1,2,4,3,1,5,4,25.569166667,0.383624500,9.808958778
4,4,6,6,1,2,4,3,1,5,5,25.493611111,0.385026722,9.815721524
4,4,6,6,1,2,4,3,1,5,6,25.376111111,0.384035556,9.745328928
4,4,6,6,1,2,4,3,1,5,7,25.235833333,0.384710167,9.708481648
4,4,6,6,1,2,4,3,1,6,0,25.140277778,0.385918833,9.702106670
4,4,6,6,1,2,4,3,1,6,1,25.680833333,0.385957000,9.911697391
4,4,6,6,1,2,4,3,1,6,2,25.174166667,0.383287333,9.648939211
4,4,6,6,1,2,4,3,1,6,3,25.632777778,0.385824056,9.889742277
4,4,6,6,1,2,4,3,1,6,4,25.670555556,0.383602056,9.847277878
4,4,6,6,1,2,4,3,1,6,5,25.430833333,0.385138333,9.794388765
4,4,6,6,1,2,4,3,1,6,6,25.314444444,0.384149333,9.724526957
4,4,6,6,1,2,4,3,1,6,7,25.456666667,0.384568000,9.789819387
4,4,6,6,1,2,4,3,1,7,0,25.435000000,0.385778667,9.812280387
4,4,6,6,1,2,4,3,1,7,1,25.506666667,0.385927056,9.843712764
4,4,6,6,1,2,4,3,1,7,2,25.032777778,0.383291444,9.594849553
4,4,6,6,1,2,4,3,1,7,3,25.600555556,0.385883000,9.878819179
4,4,6,6,1,2,4,3,1,7,4,25.646111111,0.383652500,9.839194643
4,4,6,6,1,2,4,3,1,7,6,25.313888889,0.384129000,9.723798825
4,4,6,6,1,2,4,3,1,7,5,25.464722222,0.385220611,9.809535856
4,4,6,6,1,2,4,3,1,7,7,24.961388889,0.384636333,9.601057097
4,4,6,6,1,2,4,3,1,8,0,25.431666667,0.385780333,9.811036844
4,4,6,6,1,2,4,3,1,8,1,25.601944444,0.385918833,9.880272531
4,4,6,6,1,2,4,3,1,8,2,25.460555556,0.383374722,9.760933414
4,4,6,6,1,2,4,3,1,8,3,25.544444444,0.385697222,9.852421265
4,4,6,6,1,2,4,3,1,8,4,25.714722222,0.383524556,9.862227412
4,4,6,6,1,2,4,3,1,8,5,25.611111111,0.385156833,9.864294454
4,4,6,6,1,2,4,3,1,8,6,25.493611111,0.383933167,9.787842844
4,4,6,6,1,2,4,3,1,8,7,24.988333333,0.384597056,9.610439423
4,4,6,6,1,2,4,3,2,1,0,25.228055556,0.385914056,9.735861233
4,4,6,6,1,2,4,3,2,1,1,25.340555556,0.385966500,9.780605536
4,4,6,6,1,2,4,3,2,1,3,25.510555556,0.385733278,9.840270212
4,4,6,6,1,2,4,3,2,1,2,25.351388889,0.383183500,9.714233924
4,4,6,6,1,2,4,3,2,1,4,25.607777778,0.383595500,9.823028321
4,4,6,6,1,2,4,3,2,1,5,25.434722222,0.385305333,9.800134124
4,4,6,6,1,2,4,3,2,1,6,25.314722222,0.383953667,9.719680418
4,4,6,6,1,2,4,3,2,1,7,25.036666667,0.384510889,9.626870955
4,4,6,6,1,2,4,3,2,2,0,25.292222222,0.385889889,9.760012823
4,4,6,6,1,2,4,3,2,2,1,25.420277778,0.385864611,9.808785599
4,4,6,6,1,2,4,3,2,2,3,25.514444444,0.385581389,9.837894926
4,4,6,6,1,2,4,3,2,2,2,25.489722222,0.383271667,9.769488319
4,4,6,6,1,2,4,3,2,2,4,25.600000000,0.383665111,9.821826844
4,4,6,6,1,2,4,3,2,2,5,25.573888889,0.385140833,9.849548878
4,4,6,6,1,2,4,3,2,2,6,25.388055556,0.384123833,9.752157221
4,4,6,6,1,2,4,3,2,2,7,25.045000000,0.384504556,9.629916594
4,4,6,6,1,2,4,3,2,3,0,25.201388889,0.386028889,9.728464151
4,4,6,6,1,2,4,3,2,3,3,25.457777778,0.385877056,9.823572330
4,4,6,6,1,2,4,3,2,3,2,25.234444444,0.383262944,9.671427479
4,4,6,6,1,2,4,3,2,3,1,25.656111111,0.385824611,9.898759092
4,4,6,6,1,2,4,3,2,3,4,25.502777778,0.383665833,9.784544488
4,4,6,6,1,2,4,3,2,3,5,25.459444444,0.385180722,9.806487198
4,4,6,6,1,2,4,3,2,3,6,25.312500000,0.384216611,9.725482969
4,4,6,6,1,2,4,3,2,3,7,25.242777778,0.384705111,9.711025630
4,4,6,6,1,2,4,3,2,4,0,25.357777778,0.385830222,9.783797035
4,4,6,6,1,2,4,3,2,4,1,25.335277778,0.385884111,9.776481145
4,4,6,6,1,2,4,3,2,4,2,25.244722222,0.383243722,9.674881311
4,4,6,6,1,2,4,3,2,4,3,25.676944444,0.385620167,9.901547596
4,4,6,6,1,2,4,3,2,4,4,25.500000000,0.383446278,9.777880083
4,4,6,6,1,2,4,3,2,4,5,25.442777778,0.384966944,9.794628419
4,4,6,6,1,2,4,3,2,4,6,25.518333333,0.384173000,9.803454672
4,4,6,6,1,2,4,3,2,4,7,25.414166667,0.384462889,9.770803935
4,4,6,6,1,2,4,3,2,5,0,25.300000000,0.386010056,9.766054406
4,4,6,6,1,2,4,3,2,5,1,25.461111111,0.385972833,9.827297195
4,4,6,6,1,2,4,3,2,5,3,25.665000000,0.385876778,9.903527502
4,4,6,6,1,2,4,3,2,5,2,25.395555556,0.383468944,9.738406882
4,4,6,6,1,2,4,3,2,5,4,25.706944444,0.383680556,9.863254726
4,4,6,6,1,2,4,3,2,5,5,25.593888889,0.385052333,9.854986636
4,4,6,6,1,2,4,3,2,5,6,25.335833333,0.384224000,9.734635227
4,4,6,6,1,2,4,3,2,5,7,25.385277778,0.384503833,9.760736616
4,4,6,6,1,2,4,3,2,6,0,25.301944444,0.386019500,9.767043943
4,4,6,6,1,2,4,3,2,6,1,25.166111111,0.385719556,9.707061193
4,4,6,6,1,2,4,3,2,6,2,25.262222222,0.383451389,9.686834198
4,4,6,6,1,2,4,3,2,6,3,25.691666667,0.385710111,9.909535605
4,4,6,6,1,2,4,3,2,6,4,25.613333333,0.383586722,9.824934579
4,4,6,6,1,2,4,3,2,6,5,25.636666667,0.385145611,9.873849650
4,4,6,6,1,2,4,3,2,6,6,25.332777778,0.383949556,9.726508769
4,4,6,6,1,2,4,3,2,6,7,25.430277778,0.384645444,9.781640498
4,4,6,6,1,2,4,3,2,7,0,25.409444444,0.385849611,9.804224257
4,4,6,6,1,2,4,3,2,7,1,25.541944444,0.385943556,9.857748855
4,4,6,6,1,2,4,3,2,7,2,25.211111111,0.383418333,9.666402204
4,4,6,6,1,2,4,3,2,7,3,25.584166667,0.385847000,9.871573956
4,4,6,6,1,2,4,3,2,7,4,25.656111111,0.383719667,9.844754404
4,4,6,6,1,2,4,3,2,7,5,25.205555556,0.385012778,9.704460960
4,4,6,6,1,2,4,3,2,7,6,25.448055556,0.383921111,9.770045765
4,4,6,6,1,2,4,3,2,7,7,25.007500000,0.384514278,9.615740802
4,4,6,6,1,2,4,3,2,8,1,25.598055556,0.386040944,9.881897543
4,4,6,6,1,2,4,3,2,8,0,25.255555556,0.385739778,9.742072388
4,4,6,6,1,2,4,3,2,8,2,24.985000000,0.383129000,9.572478065
4,4,6,6,1,2,4,3,2,8,3,25.687777778,0.385757778,9.909260072
4,4,6,6,1,2,4,3,2,8,4,25.321388889,0.383421944,9.708776164
4,4,6,6,1,2,4,3,2,8,5,25.541111111,0.385176278,9.837830108
4,4,6,6,1,2,4,3,2,8,6,25.414722222,0.384183944,9.763928230
4,4,6,6,1,2,4,3,2,8,7,24.946944444,0.384607444,9.594780549
4,4,6,6,1,2,4,3,3,1,0,25.312500000,0.385853333,9.766912500
4,4,6,6,1,2,4,3,3,1,2,25.271111111,0.383378389,9.688397863
4,4,6,6,1,2,4,3,3,1,1,25.643888889,0.385804722,9.893533429
4,4,6,6,1,2,4,3,3,1,3,25.584444444,0.385652833,9.866713489
4,4,6,6,1,2,4,3,3,1,4,25.547222222,0.383731444,9.803272485
4,4,6,6,1,2,4,3,3,1,5,25.324722222,0.385089944,9.752295874
4,4,6,6,1,2,4,3,3,1,6,25.210277778,0.384152833,9.684599637
4,4,6,6,1,2,4,3,3,1,7,25.123611111,0.384627111,9.663221962
4,4,6,6,1,2,4,3,3,2,0,25.139166667,0.385899167,9.701183467
4,4,6,6,1,2,4,3,3,2,3,25.549722222,0.385812167,9.857393688
4,4,6,6,1,2,4,3,3,2,1,25.568055556,0.385906389,9.866875990
4,4,6,6,1,2,4,3,3,2,2,25.272777778,0.383377333,9.689010150
4,4,6,6,1,2,4,3,3,2,4,25.609722222,0.383693833,9.826292490
4,4,6,6,1,2,4,3,3,2,5,25.351666667,0.385292222,9.767799987
4,4,6,6,1,2,4,3,3,2,6,25.358888889,0.384157167,9.741798905
4,4,6,6,1,2,4,3,3,2,7,25.220277778,0.384729167,9.702976453
4,4,6,6,1,2,4,3,3,3,0,25.303333333,0.385915500,9.764948535
4,4,6,6,1,2,4,3,3,3,1,25.373333333,0.385858556,9.790517750
4,4,6,6,1,2,4,3,3,3,2,25.161666667,0.383392778,9.646801277
4,4,6,6,1,2,4,3,3,3,3,25.470000000,0.385714944,9.824159635
4,4,6,6,1,2,4,3,3,3,4,25.577222222,0.383592778,9.811237720
4,4,6,6,1,2,4,3,3,3,7,25.212222222,0.384532222,9.694911838
4,4,6,6,1,2,4,3,3,3,5,25.292777778,0.385190333,9.742533503
4,4,6,6,1,2,4,3,3,3,6,25.470000000,0.384257389,9.787035695
4,4,6,6,1,2,4,3,3,4,0,25.317222222,0.385917611,9.770361920
4,4,6,6,1,2,4,3,3,4,2,24.986666667,0.383287833,9.577085329
4,4,6,6,1,2,4,3,3,4,1,25.577222222,0.386078167,9.874807064
4,4,6,6,1,2,4,3,3,4,3,25.666111111,0.385729333,9.900171928
4,4,6,6,1,2,4,3,3,4,4,25.613333333,0.383610167,9.825535069
4,4,6,6,1,2,4,3,3,4,6,25.234444444,0.384220222,9.695583852
4,4,6,6,1,2,4,3,3,4,5,25.535277778,0.385093833,9.833478005
4,4,6,6,1,2,4,3,3,4,7,25.335555556,0.384694889,9.746458729
4,4,6,6,1,2,4,3,3,5,0,25.456111111,0.385981722,9.825593608
4,4,6,6,1,2,4,3,3,5,1,25.551111111,0.385923278,9.860768551
4,4,6,6,1,2,4,3,3,5,2,25.334722222,0.383457667,9.714793469
4,4,6,6,1,2,4,3,3,5,3,25.720833333,0.385868389,9.924856519
4,4,6,6,1,2,4,3,3,5,4,25.804166667,0.383611167,9.898766480
4,4,6,6,1,2,4,3,3,5,6,25.237222222,0.384218278,9.696602058
4,4,6,6,1,2,4,3,3,5,5,25.370555556,0.385202889,9.772811293
4,4,6,6,1,2,4,3,3,5,7,25.336111111,0.384541667,9.742790394
4,4,6,6,1,2,4,3,3,6,0,25.376666667,0.385930278,9.793624016
4,4,6,6,1,2,4,3,3,6,2,25.281111111,0.383494611,9.695169874
4,4,6,6,1,2,4,3,3,6,1,25.590277778,0.385932167,9.876111348
4,4,6,6,1,2,4,3,3,6,3,25.736388889,0.385670722,9.925771690
4,4,6,6,1,2,4,3,3,6,4,25.593611111,0.383661778,9.819290339
4,4,6,6,1,2,4,3,3,6,6,25.110555556,0.384013000,9.642779771
4,4,6,6,1,2,4,3,3,6,5,25.451666667,0.385376889,9.808484117
4,4,6,6,1,2,4,3,3,6,7,24.980555556,0.384593833,9.607367620
4,4,6,6,1,2,4,3,3,7,0,25.249722222,0.385925000,9.744499049
4,4,6,6,1,2,4,3,3,7,1,25.341944444,0.385781111,9.776443485
4,4,6,6,1,2,4,3,3,7,2,25.341111111,0.383350278,9.714521984
4,4,6,6,1,2,4,3,3,7,3,25.703333333,0.385732111,9.914601029
4,4,6,6,1,2,4,3,3,7,4,25.565000000,0.383503167,9.804258456
4,4,6,6,1,2,4,3,3,7,6,25.140833333,0.384228278,9.659819094
4,4,6,6,1,2,4,3,3,7,5,25.566944444,0.385016444,9.843694045
4,4,6,6,1,2,4,3,3,7,7,25.015555556,0.384647056,9.622159788
4,4,6,6,1,2,4,3,3,8,0,25.341944444,0.385809333,9.777158691
4,4,6,6,1,2,4,3,3,8,1,25.663333333,0.385964611,9.905138470
4,4,6,6,1,2,4,3,3,8,2,25.458055556,0.383472722,9.762469866
4,4,6,6,1,2,4,3,3,8,3,25.729444444,0.385803556,9.926511149
4,4,6,6,1,2,4,3,3,8,4,25.304166667,0.383346611,9.700266539
4,4,6,6,1,2,4,3,3,8,7,25.009444444,0.384602222,9.618687910
4,4,6,6,1,2,4,3,3,8,5,25.678333333,0.385116556,9.889151286
4,4,6,6,1,2,4,3,3,8,6,25.453611111,0.384066111,9.775869433
4,4,6,6,1,2,4,3,4,1,0,25.565833333,0.385887167,9.865526988
4,4,6,6,1,2,4,3,4,1,2,25.110000000,0.383476444,9.629093520
4,4,6,6,1,2,4,3,4,1,1,25.347500000,0.386035944,9.785046102
4,4,6,6,1,2,4,3,4,1,3,25.864722222,0.385694111,9.975871047
4,4,6,6,1,2,4,3,4,1,4,25.483888889,0.383651278,9.776926535
4,4,6,6,1,2,4,3,4,1,5,25.371666667,0.385290111,9.775452269
4,4,6,6,1,2,4,3,4,1,6,25.279444444,0.384262611,9.713945330
4,4,6,6,1,2,4,3,4,1,7,25.146666667,0.384618944,9.671884390
4,4,6,6,1,2,4,3,4,2,0,25.294444444,0.385891833,9.760919540
4,4,6,6,1,2,4,3,4,2,1,25.361388889,0.386037167,9.790438709
4,4,6,6,1,2,4,3,4,2,2,25.034444444,0.383579222,9.602692729
4,4,6,6,1,2,4,3,4,2,3,25.453888889,0.385696500,9.817475856
4,4,6,6,1,2,4,3,4,2,4,25.570277778,0.383817722,9.814325773
4,4,6,6,1,2,4,3,4,2,5,25.643888889,0.385132944,9.876306435
4,4,6,6,1,2,4,3,4,2,6,25.460277778,0.384276722,9.783792091
4,4,6,6,1,2,4,3,4,2,7,25.181666667,0.384554278,9.683717638
4,4,6,6,1,2,4,3,4,3,0,25.267777778,0.385847500,9.749508886
4,4,6,6,1,2,4,3,4,3,1,25.370277778,0.385902000,9.790440935
4,4,6,6,1,2,4,3,4,3,2,25.167777778,0.383182333,9.643847814
4,4,6,6,1,2,4,3,4,3,3,25.530833333,0.386051833,9.856225015
4,4,6,6,1,2,4,3,4,3,4,25.608333333,0.383545667,9.821965281
4,4,6,6,1,2,4,3,4,3,5,25.182777778,0.385185944,9.700052042
4,4,6,6,1,2,4,3,4,3,6,25.259166667,0.384181167,9.704096119
4,4,6,6,1,2,4,3,4,3,7,24.979722222,0.384528778,9.605422055
4,4,6,6,1,2,4,3,4,4,0,25.361111111,0.385956556,9.788287090
4,4,6,6,1,2,4,3,4,4,1,25.447500000,0.385920167,9.820703441
4,4,6,6,1,2,4,3,4,4,2,25.090833333,0.383405167,9.619955136
4,4,6,6,1,2,4,3,4,4,3,25.486666667,0.385743500,9.831316003
4,4,6,6,1,2,4,3,4,4,4,25.585277778,0.383622944,9.815099596
4,4,6,6,1,2,4,3,4,4,5,25.333055556,0.385184889,9.757910189
4,4,6,6,1,2,4,3,4,4,6,25.285555556,0.384192722,9.714526422
4,4,6,6,1,2,4,3,4,4,7,25.428611111,0.384594278,9.779698325
4,4,6,6,1,2,4,3,4,5,1,25.196944444,0.385987333,9.725701394
4,4,6,6,1,2,4,3,4,5,0,25.135833333,0.385854500,9.698774403
4,4,6,6,1,2,4,3,4,5,2,25.322222222,0.383438389,9.709512092
4,4,6,6,1,2,4,3,4,5,3,25.595000000,0.385873111,9.876422279
4,4,6,6,1,2,4,3,4,5,5,25.334722222,0.384891111,9.751109386
4,4,6,6,1,2,4,3,4,5,4,25.616111111,0.383832389,9.832293122
4,4,6,6,1,2,4,3,4,5,6,25.370555556,0.384087889,9.744523123
4,4,6,6,1,2,4,3,4,5,7,25.229444444,0.384821333,9.708828450
4,4,6,6,1,2,4,3,4,6,0,25.383055556,0.386081556,9.799929574
4,4,6,6,1,2,4,3,4,6,1,25.604722222,0.386061667,9.885001736
4,4,6,6,1,2,4,3,4,6,3,25.635555556,0.385816222,9.890613199
4,4,6,6,1,2,4,3,4,6,2,25.255555556,0.383606667,9.688199481
4,4,6,6,1,2,4,3,4,6,4,25.531111111,0.383567278,9.792898788
4,4,6,6,1,2,4,3,4,6,5,25.505000000,0.385258000,9.826005290
4,4,6,6,1,2,4,3,4,6,6,25.235555556,0.384224444,9.696117314
4,4,6,6,1,2,4,3,4,6,7,25.031388889,0.384531722,9.625363079
4,4,6,6,1,2,4,3,4,7,0,25.360000000,0.385990667,9.788723307
4,4,6,6,1,2,4,3,4,7,1,25.525555556,0.385796722,9.847675666
4,4,6,6,1,2,4,3,4,7,3,25.618055556,0.385768778,9.882645981
4,4,6,6,1,2,4,3,4,7,2,25.303055556,0.383355778,9.700072543
4,4,6,6,1,2,4,3,4,7,4,25.616666667,0.383681056,9.828629706
4,4,6,6,1,2,4,3,4,7,5,25.468611111,0.385120500,9.808484245
4,4,6,6,1,2,4,3,4,7,6,25.403888889,0.384288278,9.762416710
4,4,6,6,1,2,4,3,4,7,7,25.447777778,0.384870889,9.794108854
4,4,6,6,1,2,4,3,4,8,0,25.556388889,0.385659556,9.856065580
4,4,6,6,1,2,4,3,4,8,1,25.439444444,0.385847278,9.815740387
4,4,6,6,1,2,4,3,4,8,2,25.404444444,0.383450000,9.741334222
4,4,6,6,1,2,4,3,4,8,3,25.630277778,0.386067556,9.895018690
4,4,6,6,1,2,4,3,4,8,4,25.571944444,0.383809389,9.814752370
4,4,6,6,1,2,4,3,4,8,5,25.528055556,0.385268278,9.835149999
4,4,6,6,1,3,4,3,0,1,0,25.495555556,0.386229778,9.847142757
4,4,6,6,1,3,4,3,0,1,1,25.303888889,0.385873389,9.764097358
4,4,6,6,1,3,4,3,0,1,2,25.359166667,0.383541667,9.726297049
4,4,6,6,1,2,4,3,4,8,7,25.032500000,0.384535000,9.625872387
4,4,6,6,1,2,4,3,4,8,6,25.473055556,0.384477000,9.793803981
4,4,6,6,1,3,4,3,0,1,3,25.689722222,0.385943889,9.914791299
4,4,6,6,1,3,4,3,0,1,4,25.693055556,0.383574333,9.855196656
4,4,6,6,1,3,4,3,0,1,5,25.310833333,0.385149889,9.748464646
4,4,6,6,1,3,4,3,0,1,6,25.338888889,0.384191167,9.734977284
4,4,6,6,1,3,4,3,0,1,7,25.180833333,0.384643111,9.685634074
4,4,6,6,1,3,4,3,0,2,1,25.353333333,0.385875000,9.783217500
4,4,6,6,1,3,4,3,0,2,0,25.105277778,0.385962389,9.689692985
4,4,6,6,1,3,4,3,0,2,2,25.010833333,0.383448167,9.590358188
4,4,6,6,1,3,4,3,0,2,3,25.600555556,0.385736667,9.875072965
4,4,6,6,1,3,4,3,0,2,4,25.586944444,0.383761278,9.819278494
4,4,6,6,1,3,4,3,0,2,6,25.102222222,0.384186167,9.643926530
4,4,6,6,1,3,4,3,0,2,5,25.321666667,0.385375278,9.758344325
4,4,6,6,1,3,4,3,0,2,7,25.099444444,0.384734278,9.656616631
4,4,6,6,1,3,4,3,0,3,0,25.422500000,0.386019889,9.813590625
4,4,6,6,1,3,4,3,0,3,1,25.516388889,0.385886278,9.846424331
4,4,6,6,1,3,4,3,0,3,2,25.221388889,0.383550167,9.673667912
4,4,6,6,1,3,4,3,0,3,3,25.594444444,0.385854556,9.875732986
4,4,6,6,1,3,4,3,0,3,4,25.625277778,0.383538333,9.828276330
4,4,6,6,1,3,4,3,0,3,5,25.350833333,0.385179222,9.764614266
4,4,6,6,1,3,4,3,0,3,6,25.371944444,0.384044111,9.743945851
4,4,6,6,1,3,4,3,0,3,7,25.235833333,0.384603722,9.705795433
4,4,6,6,1,3,4,3,0,4,0,25.324166667,0.386024667,9.775752996
4,4,6,6,1,3,4,3,0,4,1,25.310277778,0.385756611,9.763606982
4,4,6,6,1,3,4,3,0,4,2,25.275000000,0.383510389,9.693225079
4,4,6,6,1,3,4,3,0,4,3,25.646111111,0.385633667,9.890003864
4,4,6,6,1,3,4,3,0,4,5,25.295833333,0.385269278,9.745707439
4,4,6,6,1,3,4,3,0,4,4,25.565555556,0.383677056,9.808917079
4,4,6,6,1,3,4,3,0,4,7,25.274444444,0.384782889,9.725173748
4,4,6,6,1,3,4,3,0,4,6,25.214166667,0.384120500,9.685278307
4,4,6,6,1,3,4,3,0,5,0,25.133055556,0.385863167,9.697920405
4,4,6,6,1,3,4,3,0,5,1,25.510833333,0.386082889,9.849296231
4,4,6,6,1,3,4,3,0,5,2,25.198055556,0.383455667,9.662337192
4,4,6,6,1,3,4,3,0,5,3,25.655000000,0.385592556,9.892377013
4,4,6,6,1,3,4,3,0,5,4,25.585555556,0.383904556,9.822411334
4,4,6,6,1,3,4,3,0,5,5,25.448888889,0.385346778,9.806647331
4,4,6,6,1,3,4,3,0,5,6,25.217500000,0.384177056,9.687984898
4,4,6,6,1,3,4,3,0,5,7,25.206111111,0.384766500,9.698467151
4,4,6,6,1,3,4,3,0,6,0,25.356666667,0.385831333,9.783396509
4,4,6,6,1,3,4,3,0,6,1,25.537500000,0.385932611,9.855754056
4,4,6,6,1,3,4,3,0,6,2,25.182500000,0.383548278,9.658704505
4,4,6,6,1,3,4,3,0,6,3,25.723055556,0.385832389,9.924787975
4,4,6,6,1,3,4,3,0,6,4,25.290555556,0.383558167,9.700399123
4,4,6,6,1,3,4,3,0,6,5,25.639722222,0.385287556,9.878665900
4,4,6,6,1,3,4,3,0,6,6,25.343888889,0.384159000,9.736083012
4,4,6,6,1,3,4,3,0,6,7,25.423333333,0.384701944,9.780405768
4,4,6,6,1,3,4,3,0,7,0,25.207222222,0.386221778,9.735578180
4,4,6,6,1,3,4,3,0,7,1,25.674444444,0.386008833,9.910562346
4,4,6,6,1,3,4,3,0,7,2,25.445555556,0.383452889,9.757171787
4,4,6,6,1,3,4,3,0,7,3,25.700555556,0.385741389,9.913767995
4,4,6,6,1,3,4,3,0,7,4,25.638888889,0.383632889,9.835921012
4,4,6,6,1,3,4,3,0,7,5,25.644444444,0.385368722,9.882566788
4,4,6,6,1,3,4,3,0,7,6,25.113333333,0.384027000,9.644198060
4,4,6,6,1,3,4,3,0,7,7,24.994166667,0.384648500,9.613968717
4,4,6,6,1,3,4,3,0,8,0,25.385277778,0.385806944,9.793816453
4,4,6,6,1,3,4,3,0,8,1,25.680833333,0.385977556,9.912225275
4,4,6,6,1,3,4,3,0,8,2,25.108888889,0.383308833,9.624458906
4,4,6,6,1,3,4,3,0,8,3,25.641666667,0.385843500,9.893670413
4,4,6,6,1,3,4,3,0,8,4,25.701666667,0.383812889,9.864630933
4,4,6,6,1,3,4,3,0,8,5,25.506111111,0.384879944,9.816790627
4,4,6,6,1,3,4,3,0,8,6,25.046944444,0.383956000,9.616924601
4,4,6,6,1,3,4,3,0,8,7,25.298611111,0.384625444,9.730489542
4,4,6,6,1,3,4,3,1,1,0,25.280000000,0.385941889,9.756610951
4,4,6,6,1,3,4,3,1,1,1,25.188055556,0.385821167,9.718084981
4,4,6,6,1,3,4,3,1,1,2,25.108055556,0.383459444,9.627921034
4,4,6,6,1,3,4,3,1,1,3,25.518611111,0.386032222,9.851006155
4,4,6,6,1,3,4,3,1,1,4,25.538333333,0.383558389,9.795441988
4,4,6,6,1,3,4,3,1,1,5,25.302777778,0.385164333,9.745727534
4,4,6,6,1,3,4,3,1,1,6,25.215833333,0.384028278,9.683593048
4,4,6,6,1,3,4,3,1,1,7,25.215555556,0.384770944,9.702213126
4,4,6,6,1,3,4,3,1,2,1,25.426388889,0.385986333,9.814238617
4,4,6,6,1,3,4,3,1,2,2,25.110000000,0.383276944,9.624084075
4,4,6,6,1,3,4,3,1,2,0,25.469444444,0.385913056,9.828991129
4,4,6,6,1,3,4,3,1,2,3,25.854444444,0.386192111,9.984782482
4,4,6,6,1,3,4,3,1,2,6,25.301944444,0.384359167,9.725034282
4,4,6,6,1,3,4,3,1,2,4,25.510555556,0.383681167,9.787919718
4,4,6,6,1,3,4,3,1,2,5,25.368611111,0.385120722,9.769977833
4,4,6,6,1,3,4,3,1,2,7,25.128888889,0.384742444,9.668150137
4,4,6,6,1,3,4,3,1,3,1,25.238611111,0.385888444,9.739288382
4,4,6,6,1,3,4,3,1,3,0,25.367777778,0.386093056,9.794322835
4,4,6,6,1,3,4,3,1,3,2,25.253888889,0.383278611,9.679275458
4,4,6,6,1,3,4,3,1,3,3,25.692222222,0.385842778,9.913158390
4,4,6,6,1,3,4,3,1,3,4,25.570833333,0.383682222,9.811074157
4,4,6,6,1,3,4,3,1,3,5,25.290833333,0.385071556,9.738780533
4,4,6,6,1,3,4,3,1,3,6,25.235277778,0.384323278,9.698504671
4,4,6,6,1,3,4,3,1,3,7,25.139166667,0.384737278,9.671974549
4,4,6,6,1,3,4,3,1,4,0,25.383888889,0.386032667,9.799010318
4,4,6,6,1,3,4,3,1,4,2,25.237500000,0.383380278,9.675559760
4,4,6,6,1,3,4,3,1,4,1,25.558333333,0.385914722,9.863337109
4,4,6,6,1,3,4,3,1,4,3,25.529444444,0.385914722,9.852188461
4,4,6,6,1,3,4,3,1,4,4,25.492222222,0.383801500,9.783953127
4,4,6,6,1,3,4,3,1,4,5,25.302222222,0.385283000,9.748516084
4,4,6,6,1,3,4,3,1,4,6,25.316111111,0.384147889,9.725130638
4,4,6,6,1,3,4,3,1,4,7,25.145000000,0.384747944,9.674487063
4,4,6,6,1,3,4,3,1,5,0,25.439722222,0.385654278,9.810937700
4,4,6,6,1,3,4,3,1,5,1,25.678333333,0.385950500,9.910565589
4,4,6,6,1,3,4,3,1,5,2,25.068888889,0.383424389,9.612023402
4,4,6,6,1,3,4,3,1,5,3,25.666666667,0.385777500,9.901622500
4,4,6,6,1,3,4,3,1,5,4,25.569166667,0.383702500,9.810953173
4,4,6,6,1,3,4,3,1,5,5,25.493611111,0.385087278,9.817265304
4,4,6,6,1,3,4,3,1,5,6,25.376111111,0.384134167,9.747831295
4,4,6,6,1,3,4,3,1,5,7,25.235833333,0.384777833,9.710189272
4,4,6,6,1,3,4,3,1,6,0,25.140277778,0.385979167,9.703623466
4,4,6,6,1,3,4,3,1,6,2,25.174166667,0.383349278,9.650498610
4,4,6,6,1,3,4,3,1,6,1,25.680833333,0.386011556,9.913098423
4,4,6,6,1,3,4,3,1,6,3,25.632777778,0.385880000,9.891176289
4,4,6,6,1,3,4,3,1,6,4,25.670555556,0.383648389,9.848467281
4,4,6,6,1,3,4,3,1,6,5,25.430833333,0.385180167,9.795452622
4,4,6,6,1,3,4,3,1,6,6,25.314444444,0.384225833,9.726463512
4,4,6,6,1,3,4,3,1,6,7,25.456666667,0.384654444,9.792019974
4,4,6,6,1,3,4,3,1,7,0,25.435000000,0.385847333,9.814026923
4,4,6,6,1,3,4,3,1,7,2,25.032777778,0.383347000,9.596240263
4,4,6,6,1,3,4,3,1,7,1,25.506666667,0.385988778,9.845287092
4,4,6,6,1,3,4,3,1,7,3,25.600555556,0.385924111,9.879871647
4,4,6,6,1,3,4,3,1,7,4,25.646111111,0.383729167,9.841160845
4,4,6,6,1,3,4,3,1,7,5,25.464722222,0.385279722,9.811041104
4,4,6,6,1,3,4,3,1,7,6,25.313888889,0.384233667,9.726448345
4,4,6,6,1,3,4,3,1,7,7,24.961388889,0.384706722,9.602814102
4,4,6,6,1,3,4,3,1,8,0,25.431666667,0.385852722,9.812877814
4,4,6,6,1,3,4,3,1,8,1,25.601944444,0.385967111,9.881508536
4,4,6,6,1,3,4,3,1,8,2,25.460555556,0.383441333,9.762629370
4,4,6,6,1,3,4,3,1,8,3,25.544444444,0.385746778,9.853687135
4,4,6,6,1,3,4,3,1,8,4,25.714722222,0.383580278,9.863660293
4,4,6,6,1,3,4,3,1,8,5,25.611111111,0.385219278,9.865893725
4,4,6,6,1,3,4,3,1,8,7,24.988333333,0.384637278,9.611444510
4,4,6,6,1,3,4,3,1,8,6,25.493611111,0.384028333,9.790268986
4,4,6,6,1,3,4,3,2,1,0,25.228055556,0.385988222,9.737732314
4,4,6,6,1,3,4,3,2,1,1,25.340555556,0.386022667,9.782028830
4,4,6,6,1,3,4,3,2,1,2,25.351388889,0.383241167,9.715695854
4,4,6,6,1,3,4,3,2,1,3,25.510555556,0.385798389,9.841931233
4,4,6,6,1,3,4,3,2,1,4,25.607777778,0.383652444,9.824486541
4,4,6,6,1,3,4,3,2,1,5,25.434722222,0.385354056,9.801373360
4,4,6,6,1,3,4,3,2,1,7,25.036666667,0.384578556,9.628565103
4,4,6,6,1,3,4,3,2,1,6,25.314722222,0.384013167,9.721186644
4,4,6,6,1,3,4,3,2,2,0,25.292222222,0.385957778,9.761729884
4,4,6,6,1,3,4,3,2,2,1,25.420277778,0.385923111,9.810272685
4,4,6,6,1,3,4,3,2,2,2,25.489722222,0.383329444,9.770961058
4,4,6,6,1,3,4,3,2,2,3,25.514444444,0.385623500,9.838969367
4,4,6,6,1,3,4,3,2,2,4,25.600000000,0.383711833,9.823022933
4,4,6,6,1,3,4,3,2,2,6,25.388055556,0.384186444,9.753746795
4,4,6,6,1,3,4,3,2,2,5,25.573888889,0.385208056,9.851268012
4,4,6,6,1,3,4,3,2,2,7,25.045000000,0.384582778,9.631875669
4,4,6,6,1,3,4,3,2,3,0,25.201388889,0.386100111,9.730259050
4,4,6,6,1,3,4,3,2,3,3,25.457777778,0.385912444,9.824473252
4,4,6,6,1,3,4,3,2,3,2,25.234444444,0.383319000,9.672842010
4,4,6,6,1,3,4,3,2,3,1,25.656111111,0.385868333,9.899880834
4,4,6,6,1,3,4,3,2,3,4,25.502777778,0.383734000,9.786282928
4,4,6,6,1,3,4,3,2,3,5,25.459444444,0.385228944,9.807714909
4,4,6,6,1,3,4,3,2,3,7,25.242777778,0.384793500,9.713256811
4,4,6,6,1,3,4,3,2,3,6,25.312500000,0.384273944,9.726934219
4,4,6,6,1,3,4,3,2,4,0,25.357777778,0.385895944,9.785463605
4,4,6,6,1,3,4,3,2,4,1,25.335277778,0.385920722,9.777408698
4,4,6,6,1,3,4,3,2,4,2,25.244722222,0.383325444,9.676944366
4,4,6,6,1,3,4,3,2,4,3,25.676944444,0.385671667,9.902869959
4,4,6,6,1,3,4,3,2,4,4,25.500000000,0.383504222,9.779357667
4,4,6,6,1,3,4,3,2,4,6,25.518333333,0.384249500,9.805406824
4,4,6,6,1,3,4,3,2,4,5,25.442777778,0.385013000,9.795800201
4,4,6,6,1,3,4,3,2,4,7,25.414166667,0.384534722,9.772629520
4,4,6,6,1,3,4,3,2,5,0,25.300000000,0.386070167,9.767575217
4,4,6,6,1,3,4,3,2,5,1,25.461111111,0.386019056,9.828474065
4,4,6,6,1,3,4,3,2,5,2,25.395555556,0.383522444,9.739765545
4,4,6,6,1,3,4,3,2,5,3,25.665000000,0.385928556,9.904856378
4,4,6,6,1,3,4,3,2,5,4,25.706944444,0.383771611,9.865595486
4,4,6,6,1,3,4,3,2,5,5,25.593888889,0.385101833,9.856253533
4,4,6,6,1,3,4,3,2,5,6,25.335833333,0.384293667,9.736400290
4,4,6,6,1,3,4,3,2,5,7,25.385277778,0.384580056,9.762671538
4,4,6,6,1,3,4,3,2,6,0,25.301944444,0.386068278,9.768278116
4,4,6,6,1,3,4,3,2,6,1,25.166111111,0.385771889,9.708378219
4,4,6,6,1,3,4,3,2,6,2,25.262222222,0.383509389,9.688299406
4,4,6,6,1,3,4,3,2,6,3,25.691666667,0.385757889,9.910763095
4,4,6,6,1,3,4,3,2,6,4,25.613333333,0.383641722,9.826343312
4,4,6,6,1,3,4,3,2,6,5,25.636666667,0.385195944,9.875140029
4,4,6,6,1,3,4,3,2,6,6,25.332777778,0.384031722,9.728590279
4,4,6,6,1,3,4,3,2,6,7,25.430277778,0.384734778,9.783912270
4,4,6,6,1,3,4,3,2,7,0,25.409444444,0.385921222,9.806043856
4,4,6,6,1,3,4,3,2,7,1,25.541944444,0.385993500,9.859024533
4,4,6,6,1,3,4,3,2,7,2,25.211111111,0.383483167,9.668036724
4,4,6,6,1,3,4,3,2,7,3,25.584166667,0.385905000,9.873057838
4,4,6,6,1,3,4,3,2,7,4,25.656111111,0.383782222,9.846359336
4,4,6,6,1,3,4,3,2,7,5,25.205555556,0.385074056,9.706005500
4,4,6,6,1,3,4,3,2,7,6,25.448055556,0.383993667,9.771892162
4,4,6,6,1,3,4,3,2,7,7,25.007500000,0.384584222,9.617489937
4,4,6,6,1,3,4,3,2,8,0,25.255555556,0.385813778,9.743941299
4,4,6,6,1,3,4,3,2,8,1,25.598055556,0.386093833,9.883251395
4,4,6,6,1,3,4,3,2,8,2,24.985000000,0.383191667,9.574043792
4,4,6,6,1,3,4,3,2,8,3,25.687777778,0.385781889,9.909879432
4,4,6,6,1,3,4,3,2,8,4,25.321388889,0.383476444,9.710156180
4,4,6,6,1,3,4,3,2,8,5,25.541111111,0.385227111,9.839128448
4,4,6,6,1,3,4,3,2,8,7,24.946944444,0.384697333,9.597023003
4,4,6,6,1,3,4,3,2,8,6,25.414722222,0.384258333,9.765818803
4,4,6,6,1,3,4,3,3,1,0,25.312500000,0.385915000,9.768473438
4,4,6,6,1,3,4,3,3,1,1,25.643888889,0.385856722,9.894866912
4,4,6,6,1,3,4,3,3,1,2,25.271111111,0.383442722,9.690023638
4,4,6,6,1,3,4,3,3,1,3,25.584444444,0.385703000,9.867996976
4,4,6,6,1,3,4,3,3,1,4,25.547222222,0.383794778,9.804890476
4,4,6,6,1,3,4,3,3,1,6,25.210277778,0.384225167,9.686423181
4,4,6,6,1,3,4,3,3,1,5,25.324722222,0.385135444,9.753448148
4,4,6,6,1,3,4,3,3,1,7,25.123611111,0.384698111,9.665005739
4,4,6,6,1,3,4,3,3,2,0,25.139166667,0.385960833,9.702733716
4,4,6,6,1,3,4,3,3,2,2,25.272777778,0.383444833,9.690716063
4,4,6,6,1,3,4,3,3,2,1,25.568055556,0.385952056,9.868043598
4,4,6,6,1,3,4,3,3,2,3,25.549722222,0.385862333,9.858675433
4,4,6,6,1,3,4,3,3,2,4,25.609722222,0.383760500,9.827999805
4,4,6,6,1,3,4,3,3,2,5,25.351666667,0.385337722,9.768953488
4,4,6,6,1,3,4,3,3,2,6,25.358888889,0.384229500,9.743633198
4,4,6,6,1,3,4,3,3,2,7,25.220277778,0.384800167,9.704767092
4,4,6,6,1,3,4,3,3,3,0,25.303333333,0.385977167,9.766508907
4,4,6,6,1,3,4,3,3,3,1,25.373333333,0.385904222,9.791676465
4,4,6,6,1,3,4,3,3,3,2,25.161666667,0.383460278,9.648499689
4,4,6,6,1,3,4,3,3,3,3,25.470000000,0.385765111,9.825437380
4,4,6,6,1,3,4,3,3,3,4,25.577222222,0.383659444,9.812942868
4,4,6,6,1,3,4,3,3,3,5,25.292777778,0.385239000,9.743764418
4,4,6,6,1,3,4,3,3,3,6,25.470000000,0.384329722,9.788878025
4,4,6,6,1,3,4,3,3,3,7,25.212222222,0.384603222,9.696701906
4,4,6,6,1,3,4,3,3,4,0,25.317222222,0.385979278,9.771923149
4,4,6,6,1,3,4,3,3,4,1,25.577222222,0.386127000,9.876056085
4,4,6,6,1,3,4,3,3,4,2,24.986666667,0.383355333,9.578771929
4,4,6,6,1,3,4,3,3,4,3,25.666111111,0.385776333,9.901378235
4,4,6,6,1,3,4,3,3,4,4,25.613333333,0.383676833,9.827242624
4,4,6,6,1,3,4,3,3,4,5,25.535277778,0.385142500,9.834720722
4,4,6,6,1,3,4,3,3,4,6,25.234444444,0.384292556,9.697409144
4,4,6,6,1,3,4,3,3,4,7,25.335555556,0.384765889,9.748257554
4,4,6,6,1,3,4,3,3,5,0,25.456111111,0.386043389,9.827163401
4,4,6,6,1,3,4,3,3,5,1,25.551111111,0.385968944,9.861935385
4,4,6,6,1,3,4,3,3,5,2,25.334722222,0.383525167,9.716503563
4,4,6,6,1,3,4,3,3,5,3,25.720833333,0.385918556,9.926146848
4,4,6,6,1,3,4,3,3,5,4,25.804166667,0.383677833,9.900486758
4,4,6,6,1,3,4,3,3,5,5,25.370555556,0.385251556,9.774045993
4,4,6,6,1,3,4,3,3,5,6,25.237222222,0.384290611,9.698427551
4,4,6,6,1,3,4,3,3,5,7,25.336111111,0.384612667,9.744589257
4,4,6,6,1,3,4,3,3,6,0,25.376666667,0.385991944,9.795188910
4,4,6,6,1,3,4,3,3,6,1,25.590277778,0.385981000,9.877361007
4,4,6,6,1,3,4,3,3,6,2,25.281111111,0.383562111,9.696876349
4,4,6,6,1,3,4,3,3,6,3,25.736388889,0.385720889,9.927062799
4,4,6,6,1,3,4,3,3,6,4,25.593611111,0.383731611,9.821077626
4,4,6,6,1,3,4,3,3,6,6,25.110555556,0.384088500,9.644675618
4,4,6,6,1,3,4,3,3,6,5,25.451666667,0.385425556,9.809722765
4,4,6,6,1,3,4,3,3,6,7,24.980555556,0.384664833,9.609141239
4,4,6,6,1,3,4,3,3,7,0,25.249722222,0.385986667,9.746056115
4,4,6,6,1,3,4,3,3,7,1,25.341944444,0.385829944,9.777681017
4,4,6,6,1,3,4,3,3,7,2,25.341111111,0.383417778,9.716232509
4,4,6,6,1,3,4,3,3,7,3,25.703333333,0.385782278,9.915890480
4,4,6,6,1,3,4,3,3,7,4,25.565000000,0.383569833,9.805962789
4,4,6,6,1,3,4,3,3,7,5,25.566944444,0.385068278,9.845019265
4,4,6,6,1,3,4,3,3,7,6,25.140833333,0.384300611,9.661637614
4,4,6,6,1,3,4,3,3,7,7,25.015555556,0.384718056,9.623935892
4,4,6,6,1,3,4,3,3,8,0,25.341944444,0.385871000,9.778721445
4,4,6,6,1,3,4,3,3,8,1,25.663333333,0.386013444,9.906391696
4,4,6,6,1,3,4,3,3,8,3,25.729444444,0.385850556,9.927720433
4,4,6,6,1,3,4,3,3,8,2,25.458055556,0.383543389,9.764268902
4,4,6,6,1,3,4,3,3,8,4,25.304166667,0.383413111,9.701949266
4,4,6,6,1,3,4,3,3,8,5,25.678333333,0.385168389,9.890482279
4,4,6,6,1,3,4,3,3,8,7,25.009444444,0.384673222,9.620463580
4,4,6,6,1,3,4,3,3,8,6,25.453611111,0.384138444,9.777710578
4,4,6,6,1,3,4,3,4,1,0,25.565833333,0.385952667,9.867201551
4,4,6,6,1,3,4,3,4,1,1,25.347500000,0.386080444,9.786174066
4,4,6,6,1,3,4,3,4,1,2,25.110000000,0.383548889,9.630912600
4,4,6,6,1,3,4,3,4,1,4,25.483888889,0.383726056,9.778832164
4,4,6,6,1,3,4,3,4,1,3,25.864722222,0.385748500,9.977277800
4,4,6,6,1,3,4,3,4,1,6,25.279444444,0.384333722,9.715742979
4,4,6,6,1,3,4,3,4,1,7,25.146666667,0.384708944,9.674147590
4,4,6,6,1,3,4,3,4,1,5,25.371666667,0.385337778,9.776661652
4,4,6,6,1,3,4,3,4,2,0,25.294444444,0.385962333,9.762702798
4,4,6,6,1,3,4,3,4,2,1,25.361388889,0.386081667,9.791567291
4,4,6,6,1,3,4,3,4,2,2,25.034444444,0.383651667,9.604506335
4,4,6,6,1,3,4,3,4,2,3,25.453888889,0.385750889,9.818860265
4,4,6,6,1,3,4,3,4,2,4,25.570277778,0.383897500,9.816365713
4,4,6,6,1,3,4,3,4,2,5,25.643888889,0.385195611,9.877913452
4,4,6,6,1,3,4,3,4,2,6,25.460277778,0.384347833,9.785602600
4,4,6,6,1,3,4,3,4,2,7,25.181666667,0.384644278,9.685983988
4,4,6,6,1,3,4,3,4,3,0,25.267777778,0.385918000,9.751290264
4,4,6,6,1,3,4,3,4,3,1,25.370277778,0.385946500,9.791569912
4,4,6,6,1,3,4,3,4,3,2,25.167777778,0.383259778,9.645796918
4,4,6,6,1,3,4,3,4,3,3,25.530833333,0.386106222,9.857613609
4,4,6,6,1,3,4,3,4,3,4,25.608333333,0.383625444,9.824008256
4,4,6,6,1,3,4,3,4,3,5,25.182777778,0.385243611,9.701504249
4,4,6,6,1,3,4,3,4,3,6,25.259166667,0.384252278,9.705892326
4,4,6,6,1,3,4,3,4,3,7,24.979722222,0.384618778,9.607670230
4,4,6,6,1,3,4,3,4,4,0,25.361111111,0.386027056,9.790075048
4,4,6,6,1,3,4,3,4,4,1,25.447500000,0.385964667,9.821835855
4,4,6,6,1,3,4,3,4,4,2,25.090833333,0.383482611,9.621898282
4,4,6,6,1,3,4,3,4,4,3,25.486666667,0.385797889,9.832702195
4,4,6,6,1,3,4,3,4,4,4,25.585277778,0.383702722,9.817140732
4,4,6,6,1,3,4,3,4,4,5,25.333055556,0.385242556,9.759371062
4,4,6,6,1,3,4,3,4,4,6,25.285555556,0.384263833,9.716324506
4,4,6,6,1,3,4,3,4,4,7,25.428611111,0.384684278,9.781986900
4,4,6,6,1,3,4,3,4,5,0,25.135833333,0.385925000,9.700546479
4,4,6,6,1,3,4,3,4,5,1,25.196944444,0.386031833,9.726822658
4,4,6,6,1,3,4,3,4,5,2,25.322222222,0.383515833,9.711473157
4,4,6,6,1,3,4,3,4,5,3,25.595000000,0.385927500,9.877814362
4,4,6,6,1,3,4,3,4,5,4,25.616111111,0.383912167,9.834336718
4,4,6,6,1,3,4,3,4,5,5,25.334722222,0.384948778,9.752570355
4,4,6,6,1,3,4,3,4,5,6,25.370555556,0.384159000,9.746327252
4,4,6,6,1,3,4,3,4,5,7,25.229444444,0.384911333,9.711099100
4,4,6,6,1,3,4,3,4,6,0,25.383055556,0.386152056,9.801719079
4,4,6,6,1,3,4,3,4,6,1,25.604722222,0.386106167,9.886141146
4,4,6,6,1,3,4,3,4,6,3,25.635555556,0.385870611,9.892007488
4,4,6,6,1,3,4,3,4,6,2,25.255555556,0.383684111,9.690155384
4,4,6,6,1,3,4,3,4,6,4,25.531111111,0.383647056,9.794935603
4,4,6,6,1,3,4,3,4,6,5,25.505000000,0.385315667,9.827476078
4,4,6,6,1,3,4,3,4,6,7,25.031388889,0.384621722,9.627615904
4,4,6,6,1,3,4,3,4,6,6,25.235555556,0.384295556,9.697911842
4,4,6,6,1,3,4,3,4,7,0,25.360000000,0.386061167,9.790511187
4,4,6,6,1,3,4,3,4,7,1,25.525555556,0.385846222,9.848939181
4,4,6,6,1,3,4,3,4,7,3,25.618055556,0.385823167,9.884039318
4,4,6,6,1,3,4,3,4,7,2,25.303055556,0.383433222,9.702032124
4,4,6,6,1,3,4,3,4,7,4,25.616666667,0.383760833,9.830673347
4,4,6,6,1,3,4,3,4,7,5,25.468611111,0.385183167,9.810080278
4,4,6,6,1,3,4,3,4,7,6,25.403888889,0.384359389,9.764223209
4,4,6,6,1,3,4,3,4,7,7,25.447777778,0.384955889,9.796271915
4,4,6,6,1,3,4,3,4,8,0,25.556388889,0.385725056,9.857739524
4,4,6,6,1,3,4,3,4,8,1,25.439444444,0.385891778,9.816872442
4,4,6,6,1,3,4,3,4,8,2,25.404444444,0.383527444,9.743301655
4,4,6,6,1,3,4,3,4,8,3,25.630277778,0.386121944,9.896412692
4,4,6,6,1,3,4,3,4,8,4,25.571944444,0.383889167,9.816792443
4,4,6,6,1,4,4,3,0,1,0,25.495555556,0.386289944,9.848676739
4,4,6,6,1,4,4,3,0,1,1,25.303888889,0.385913833,9.765120759
4,4,6,6,1,3,4,3,4,8,5,25.528055556,0.385335944,9.836877397
4,4,6,6,1,3,4,3,4,8,7,25.032500000,0.384620000,9.628000150
4,4,6,6,1,3,4,3,4,8,6,25.473055556,0.384548111,9.795615398
4,4,6,6,1,4,4,3,0,1,2,25.359166667,0.383614056,9.728132771
4,4,6,6,1,4,4,3,0,1,3,25.689722222,0.385974444,9.915576263
4,4,6,6,1,4,4,3,0,1,4,25.693055556,0.383633333,9.856712546
4,4,6,6,1,4,4,3,0,1,5,25.310833333,0.385208889,9.749957985
4,4,6,6,1,4,4,3,0,1,6,25.338888889,0.384282222,9.737284531
4,4,6,6,1,4,4,3,0,1,7,25.180833333,0.384713389,9.687403727
4,4,6,6,1,4,4,3,0,2,0,25.105277778,0.386035333,9.691524275
4,4,6,6,1,4,4,3,0,2,1,25.353333333,0.385922722,9.784427417
4,4,6,6,1,4,4,3,0,2,2,25.010833333,0.383507333,9.591837996
4,4,6,6,1,4,4,3,0,2,3,25.600555556,0.385780833,9.876203656
4,4,6,6,1,4,4,3,0,2,4,25.586944444,0.383828778,9.821005613
4,4,6,6,1,4,4,3,0,2,5,25.321666667,0.385410611,9.759239024
4,4,6,6,1,4,4,3,0,2,6,25.102222222,0.384279278,9.646263826
4,4,6,6,1,4,4,3,0,2,7,25.099444444,0.384798556,9.658229967
4,4,6,6,1,4,4,3,0,3,0,25.422500000,0.386076000,9.815017110
4,4,6,6,1,4,4,3,0,3,1,25.516388889,0.385928333,9.847497437
4,4,6,6,1,4,4,3,0,3,2,25.221388889,0.383600944,9.674948598
4,4,6,6,1,4,4,3,0,3,3,25.594444444,0.385882222,9.876441099
4,4,6,6,1,4,4,3,0,3,6,25.371944444,0.384136000,9.746277251
4,4,6,6,1,4,4,3,0,3,4,25.625277778,0.383614833,9.830236664
4,4,6,6,1,4,4,3,0,3,5,25.350833333,0.385239500,9.766142358
4,4,6,6,1,4,4,3,0,3,7,25.235833333,0.384684667,9.707838134
4,4,6,6,1,4,4,3,0,4,1,25.310277778,0.385823444,9.765298552
4,4,6,6,1,4,4,3,0,4,0,25.324166667,0.386090111,9.777410322
4,4,6,6,1,4,4,3,0,4,2,25.275000000,0.383583167,9.695064537
4,4,6,6,1,4,4,3,0,4,3,25.646111111,0.385692667,9.891516984
4,4,6,6,1,4,4,3,0,4,4,25.565555556,0.383758111,9.810989310
4,4,6,6,1,4,4,3,0,4,5,25.295833333,0.385325167,9.747121195
4,4,6,6,1,4,4,3,0,4,6,25.214166667,0.384188944,9.687004077
4,4,6,6,1,4,4,3,0,4,7,25.274444444,0.384862778,9.727192896
4,4,6,6,1,4,4,3,0,5,0,25.133055556,0.385925000,9.699474465
4,4,6,6,1,4,4,3,0,5,1,25.510833333,0.386136000,9.850651140
4,4,6,6,1,4,4,3,0,5,2,25.198055556,0.383523389,9.664043660
4,4,6,6,1,4,4,3,0,5,3,25.655000000,0.385640556,9.893608453
4,4,6,6,1,4,4,3,0,5,4,25.585555556,0.383975056,9.824215116
4,4,6,6,1,4,4,3,0,5,5,25.448888889,0.385397444,9.807936742
4,4,6,6,1,4,4,3,0,5,6,25.217500000,0.384265333,9.690211043
4,4,6,6,1,4,4,3,0,5,7,25.206111111,0.384842278,9.700377214
4,4,6,6,1,4,4,3,0,6,0,25.356666667,0.385879944,9.784629125
4,4,6,6,1,4,4,3,0,6,1,25.537500000,0.385981222,9.856995463
4,4,6,6,1,4,4,3,0,6,2,25.182500000,0.383615167,9.660388935
4,4,6,6,1,4,4,3,0,6,3,25.723055556,0.385885167,9.926145580
4,4,6,6,1,4,4,3,0,6,4,25.290555556,0.383631833,9.702262194
4,4,6,6,1,4,4,3,0,6,5,25.639722222,0.385320222,9.879503464
4,4,6,6,1,4,4,3,0,6,6,25.343888889,0.384231889,9.737930300
4,4,6,6,1,4,4,3,0,6,7,25.423333333,0.384788056,9.782594999
4,4,6,6,1,4,4,3,0,7,0,25.207222222,0.386272611,9.736859547
4,4,6,6,1,4,4,3,0,7,1,25.674444444,0.386064722,9.911997263
4,4,6,6,1,4,4,3,0,7,2,25.445555556,0.383536778,9.759306387
4,4,6,6,1,4,4,3,0,7,3,25.700555556,0.385792111,9.915071585
4,4,6,6,1,4,4,3,0,7,4,25.638888889,0.383708389,9.837856748
4,4,6,6,1,4,4,3,0,7,5,25.644444444,0.385423111,9.883961560
4,4,6,6,1,4,4,3,0,7,6,25.113333333,0.384123444,9.646620101
4,4,6,6,1,4,4,3,0,7,7,24.994166667,0.384755333,9.616638927
4,4,6,6,1,4,4,3,0,8,0,25.385277778,0.385882167,9.795725990
4,4,6,6,1,4,4,3,0,8,1,25.680833333,0.386021722,9.913359511
4,4,6,6,1,4,4,3,0,8,2,25.108888889,0.383377944,9.626194210
4,4,6,6,1,4,4,3,0,8,3,25.641666667,0.385883056,9.894684683
4,4,6,6,1,4,4,3,0,8,4,25.701666667,0.383888389,9.866571408
4,4,6,6,1,4,4,3,0,8,5,25.506111111,0.384946111,9.818478282
4,4,6,6,1,4,4,3,0,8,6,25.046944444,0.384052500,9.619341631
4,4,6,6,1,4,4,3,0,8,7,25.298611111,0.384700889,9.732398182
4,4,6,6,1,4,4,3,1,1,0,25.280000000,0.385990556,9.757841244
4,4,6,6,1,4,4,3,1,1,1,25.188055556,0.385869333,9.719298205
4,4,6,6,1,4,4,3,1,1,3,25.518611111,0.386066722,9.851886547
4,4,6,6,1,4,4,3,1,1,2,25.108055556,0.383535000,9.629818088
4,4,6,6,1,4,4,3,1,1,5,25.302777778,0.385210389,9.746892868
4,4,6,6,1,4,4,3,1,1,4,25.538333333,0.383612444,9.796822477
4,4,6,6,1,4,4,3,1,1,6,25.215833333,0.384098000,9.685351152
4,4,6,6,1,4,4,3,1,1,7,25.215555556,0.384830778,9.703721857
4,4,6,6,1,4,4,3,1,2,1,25.426388889,0.386046500,9.815768438
4,4,6,6,1,4,4,3,1,2,2,25.110000000,0.383354833,9.626039865
4,4,6,6,1,4,4,3,1,2,0,25.469444444,0.385975833,9.830590044
4,4,6,6,1,4,4,3,1,2,3,25.854444444,0.386240389,9.986030677
4,4,6,6,1,4,4,3,1,2,4,25.510555556,0.383737222,9.789349726
4,4,6,6,1,4,4,3,1,2,5,25.368611111,0.385172889,9.771301229
4,4,6,6,1,4,4,3,1,2,6,25.301944444,0.384441667,9.727121692
4,4,6,6,1,4,4,3,1,2,7,25.128888889,0.384814056,9.669949645
4,4,6,6,1,4,4,3,1,3,0,25.367777778,0.386163722,9.796115491
4,4,6,6,1,4,4,3,1,3,1,25.238611111,0.385942833,9.740661082
4,4,6,6,1,4,4,3,1,3,2,25.253888889,0.383351111,9.681106365
4,4,6,6,1,4,4,3,1,3,3,25.692222222,0.385878444,9.914074745
4,4,6,6,1,4,4,3,1,3,4,25.570833333,0.383758389,9.813021803
4,4,6,6,1,4,4,3,1,3,5,25.290833333,0.385132278,9.740316249
4,4,6,6,1,4,4,3,1,3,6,25.235277778,0.384418167,9.700899219
4,4,6,6,1,4,4,3,1,3,7,25.139166667,0.384812556,9.673866970
4,4,6,6,1,4,4,3,1,4,0,25.383888889,0.386084778,9.800333101
4,4,6,6,1,4,4,3,1,4,1,25.558333333,0.385957333,9.864426178
4,4,6,6,1,4,4,3,1,4,2,25.237500000,0.383438000,9.677016525
4,4,6,6,1,4,4,3,1,4,3,25.529444444,0.385936722,9.852750109
4,4,6,6,1,4,4,3,1,4,4,25.492222222,0.383865333,9.785580381
4,4,6,6,1,4,4,3,1,4,5,25.302222222,0.385315778,9.749345435
4,4,6,6,1,4,4,3,1,4,6,25.316111111,0.384237500,9.727399243
4,4,6,6,1,4,4,3,1,4,7,25.145000000,0.384821056,9.676325442
4,4,6,6,1,4,4,3,1,5,0,25.439722222,0.385721500,9.812647815
4,4,6,6,1,4,4,3,1,5,2,25.068888889,0.383485111,9.613545641
4,4,6,6,1,4,4,3,1,5,1,25.678333333,0.385997389,9.911769618
4,4,6,6,1,4,4,3,1,5,3,25.666666667,0.385806278,9.902361130
4,4,6,6,1,4,4,3,1,5,4,25.569166667,0.383743056,9.811990145
4,4,6,6,1,4,4,3,1,5,5,25.493611111,0.385114611,9.817962129
4,4,6,6,1,4,4,3,1,5,6,25.376111111,0.384201500,9.749539953
4,4,6,6,1,4,4,3,1,5,7,25.235833333,0.384848833,9.711981017
4,4,6,6,1,4,4,3,1,6,0,25.140277778,0.386052833,9.705475467
4,4,6,6,1,4,4,3,1,6,1,25.680833333,0.386051389,9.914121376
4,4,6,6,1,4,4,3,1,6,2,25.174166667,0.383434056,9.652632820
4,4,6,6,1,4,4,3,1,6,3,25.632777778,0.385939889,9.892711407
4,4,6,6,1,4,4,3,1,6,4,25.670555556,0.383740222,9.850824693
4,4,6,6,1,4,4,3,1,6,5,25.430833333,0.385238944,9.796947390
4,4,6,6,1,4,4,3,1,6,6,25.314444444,0.384295944,9.728238336
4,4,6,6,1,4,4,3,1,6,7,25.456666667,0.384728778,9.793912253
4,4,6,6,1,4,4,3,1,7,0,25.435000000,0.385894500,9.815226607
4,4,6,6,1,4,4,3,1,7,1,25.506666667,0.386024889,9.846208166
4,4,6,6,1,4,4,3,1,7,2,25.032777778,0.383393167,9.597395943
4,4,6,6,1,4,4,3,1,7,3,25.600555556,0.385972167,9.881101896
4,4,6,6,1,4,4,3,1,7,4,25.646111111,0.383787833,9.842665417
4,4,6,6,1,4,4,3,1,7,5,25.464722222,0.385318722,9.812034228
4,4,6,6,1,4,4,3,1,7,7,24.961388889,0.384788667,9.604859549
4,4,6,6,1,4,4,3,1,7,6,25.313888889,0.384292722,9.727943271
4,4,6,6,1,4,4,3,1,8,0,25.431666667,0.385898000,9.814029303
4,4,6,6,1,4,4,3,1,8,1,25.601944444,0.386009000,9.882580973
4,4,6,6,1,4,4,3,1,8,2,25.460555556,0.383521278,9.764664800
4,4,6,6,1,4,4,3,1,8,3,25.544444444,0.385785444,9.854674853
4,4,6,6,1,4,4,3,1,8,4,25.714722222,0.383642667,9.865264606
4,4,6,6,1,4,4,3,1,8,5,25.611111111,0.385260278,9.866943781
4,4,6,6,1,4,4,3,1,8,7,24.988333333,0.384723556,9.613600447
4,4,6,6,1,4,4,3,1,8,6,25.493611111,0.384085889,9.791736285
4,4,6,6,1,4,4,3,2,1,0,25.228055556,0.386040722,9.739056787
4,4,6,6,1,4,4,3,2,1,1,25.340555556,0.386061556,9.783014296
4,4,6,6,1,4,4,3,2,1,2,25.351388889,0.383337778,9.718145080
4,4,6,6,1,4,4,3,2,1,3,25.510555556,0.385838444,9.842953072
4,4,6,6,1,4,4,3,2,1,4,25.607777778,0.383728778,9.826441268
4,4,6,6,1,4,4,3,2,1,6,25.314722222,0.384116722,9.723808124
4,4,6,6,1,4,4,3,2,1,5,25.434722222,0.385404889,9.802666292
4,4,6,6,1,4,4,3,2,1,7,25.036666667,0.384641056,9.630129894
4,4,6,6,1,4,4,3,2,2,0,25.292222222,0.386019556,9.763292381
4,4,6,6,1,4,4,3,2,2,1,25.420277778,0.385966667,9.811379880
4,4,6,6,1,4,4,3,2,2,2,25.489722222,0.383408056,9.772964834
4,4,6,6,1,4,4,3,2,2,3,25.514444444,0.385662944,9.839975770
4,4,6,6,1,4,4,3,2,2,4,25.600000000,0.383794944,9.825150578
4,4,6,6,1,4,4,3,2,2,7,25.045000000,0.384644111,9.633411763
4,4,6,6,1,4,4,3,2,2,5,25.573888889,0.385246444,9.852249765
4,4,6,6,1,4,4,3,2,2,6,25.388055556,0.384266000,9.755766556
4,4,6,6,1,4,4,3,2,3,0,25.201388889,0.386154000,9.731617125
4,4,6,6,1,4,4,3,2,3,3,25.457777778,0.385970278,9.825945560
4,4,6,6,1,4,4,3,2,3,1,25.656111111,0.385928944,9.901435880
4,4,6,6,1,4,4,3,2,3,2,25.234444444,0.383417500,9.675327603
4,4,6,6,1,4,4,3,2,3,4,25.502777778,0.383805778,9.788113460
4,4,6,6,1,4,4,3,2,3,6,25.312500000,0.384367556,9.729303750
4,4,6,6,1,4,4,3,2,3,7,25.242777778,0.384844444,9.714542790
4,4,6,6,1,4,4,3,2,3,5,25.459444444,0.385278000,9.808963837
4,4,6,6,1,4,4,3,2,4,0,25.357777778,0.385967611,9.787280912
4,4,6,6,1,4,4,3,2,4,1,25.335277778,0.385975500,9.778796508
4,4,6,6,1,4,4,3,2,4,2,25.244722222,0.383393778,9.678669422
4,4,6,6,1,4,4,3,2,4,3,25.676944444,0.385708444,9.903814300
4,4,6,6,1,4,4,3,2,4,4,25.500000000,0.383577889,9.781236167
4,4,6,6,1,4,4,3,2,4,5,25.442777778,0.385057167,9.796923923
4,4,6,6,1,4,4,3,2,4,6,25.518333333,0.384330889,9.807483733
4,4,6,6,1,4,4,3,2,4,7,25.414166667,0.384600167,9.774292736
4,4,6,6,1,4,4,3,2,5,0,25.300000000,0.386131944,9.769138194
4,4,6,6,1,4,4,3,2,5,1,25.461111111,0.386072111,9.829824918
4,4,6,6,1,4,4,3,2,5,3,25.665000000,0.385988444,9.906393427
4,4,6,6,1,4,4,3,2,5,2,25.395555556,0.383616833,9.742162603
4,4,6,6,1,4,4,3,2,5,4,25.706944444,0.383817500,9.866775149
4,4,6,6,1,4,4,3,2,5,5,25.593888889,0.385166833,9.857917136
4,4,6,6,1,4,4,3,2,5,6,25.335833333,0.384385444,9.738725556
4,4,6,6,1,4,4,3,2,5,7,25.385277778,0.384650944,9.764471072
4,4,6,6,1,4,4,3,2,6,0,25.301944444,0.386126444,9.769749846
4,4,6,6,1,4,4,3,2,6,1,25.166111111,0.385827056,9.709766550
4,4,6,6,1,4,4,3,2,6,2,25.262222222,0.383581222,9.690114076
4,4,6,6,1,4,4,3,2,6,3,25.691666667,0.385800389,9.911854991
4,4,6,6,1,4,4,3,2,6,4,25.613333333,0.383717222,9.828277119
4,4,6,6,1,4,4,3,2,6,5,25.636666667,0.385252722,9.876595622
4,4,6,6,1,4,4,3,2,6,6,25.332777778,0.384115611,9.730715417
4,4,6,6,1,4,4,3,2,6,7,25.430277778,0.384771000,9.784833411
4,4,6,6,1,4,4,3,2,7,0,25.409444444,0.385964333,9.807139285
4,4,6,6,1,4,4,3,2,7,1,25.541944444,0.386054278,9.860576916
4,4,6,6,1,4,4,3,2,7,2,25.211111111,0.383557444,9.669909349
4,4,6,6,1,4,4,3,2,7,3,25.584166667,0.385950778,9.874229024
4,4,6,6,1,4,4,3,2,7,4,25.656111111,0.383847500,9.848034110
4,4,6,6,1,4,4,3,2,7,5,25.205555556,0.385115944,9.707061333
4,4,6,6,1,4,4,3,2,7,6,25.448055556,0.384088222,9.774298417
4,4,6,6,1,4,4,3,2,7,7,25.007500000,0.384678278,9.619842032
4,4,6,6,1,4,4,3,2,8,0,25.255555556,0.385874778,9.745481888
4,4,6,6,1,4,4,3,2,8,1,25.598055556,0.386144778,9.884555474
4,4,6,6,1,4,4,3,2,8,2,24.985000000,0.383267500,9.575938488
4,4,6,6,1,4,4,3,2,8,3,25.687777778,0.385854000,9.911731807
4,4,6,6,1,4,4,3,2,8,4,25.321388889,0.383541556,9.711804883
4,4,6,6,1,4,4,3,2,8,5,25.541111111,0.385280278,9.840486384
4,4,6,6,1,4,4,3,2,8,6,25.414722222,0.384340167,9.767898575
4,4,6,6,1,4,4,3,2,8,7,24.946944444,0.384769556,9.598824726
4,4,6,6,1,4,4,3,3,1,0,25.312500000,0.385974833,9.769987969
4,4,6,6,1,4,4,3,3,1,1,25.643888889,0.385903500,9.896066476
4,4,6,6,1,4,4,3,3,1,2,25.271111111,0.383515056,9.691851582
4,4,6,6,1,4,4,3,3,1,3,25.584444444,0.385747722,9.869141169
4,4,6,6,1,4,4,3,3,1,4,25.547222222,0.383858722,9.806524079
4,4,6,6,1,4,4,3,3,1,5,25.324722222,0.385186000,9.754728454
4,4,6,6,1,4,4,3,3,1,6,25.210277778,0.384303056,9.688386781
4,4,6,6,1,4,4,3,3,1,7,25.123611111,0.384769333,9.666795098
4,4,6,6,1,4,4,3,3,2,0,25.139166667,0.386020667,9.704237876
4,4,6,6,1,4,4,3,3,2,1,25.568055556,0.386002000,9.869320581
4,4,6,6,1,4,4,3,3,2,2,25.272777778,0.383514000,9.692464097
4,4,6,6,1,4,4,3,3,2,3,25.549722222,0.385910222,9.859898980
4,4,6,6,1,4,4,3,3,2,4,25.609722222,0.383824444,9.829637404
4,4,6,6,1,4,4,3,3,2,5,25.351666667,0.385388278,9.770235155
4,4,6,6,1,4,4,3,3,2,6,25.358888889,0.384307389,9.745608374
4,4,6,6,1,4,4,3,3,2,7,25.220277778,0.384871389,9.706563336
4,4,6,6,1,4,4,3,3,3,0,25.303333333,0.386040167,9.768103017
4,4,6,6,1,4,4,3,3,3,1,25.373333333,0.385954167,9.792943722
4,4,6,6,1,4,4,3,3,3,3,25.470000000,0.385813000,9.826657110
4,4,6,6,1,4,4,3,3,3,2,25.161666667,0.383529444,9.650240038
4,4,6,6,1,4,4,3,3,3,4,25.577222222,0.383723389,9.814578389
4,4,6,6,1,4,4,3,3,3,5,25.292777778,0.385289556,9.745043109
4,4,6,6,1,4,4,3,3,3,6,25.470000000,0.384407611,9.790861855
4,4,6,6,1,4,4,3,3,3,7,25.212222222,0.384674444,9.698497577
4,4,6,6,1,4,4,3,3,4,0,25.317222222,0.386042278,9.773518134
4,4,6,6,1,4,4,3,3,4,1,25.577222222,0.386173778,9.877252531
4,4,6,6,1,4,4,3,3,4,2,24.986666667,0.383424500,9.580500173
4,4,6,6,1,4,4,3,3,4,3,25.666111111,0.385824222,9.902607357
4,4,6,6,1,4,4,3,3,4,4,25.613333333,0.383740778,9.828880455
4,4,6,6,1,4,4,3,3,4,5,25.535277778,0.385193056,9.836011672
4,4,6,6,1,4,4,3,3,4,6,25.234444444,0.384370444,9.699374626
4,4,6,6,1,4,4,3,3,4,7,25.335555556,0.384837111,9.750062008
4,4,6,6,1,4,4,3,3,5,0,25.456111111,0.386106389,9.828767136
4,4,6,6,1,4,4,3,3,5,1,25.551111111,0.386018889,9.863211521
4,4,6,6,1,4,4,3,3,5,2,25.334722222,0.383594333,9.718255881
4,4,6,6,1,4,4,3,3,5,3,25.720833333,0.385966444,9.927378590
4,4,6,6,1,4,4,3,3,5,4,25.804166667,0.383741778,9.902136791
4,4,6,6,1,4,4,3,3,5,5,25.370555556,0.385302111,9.775328616
4,4,6,6,1,4,4,3,3,5,6,25.237222222,0.384368500,9.700393250
4,4,6,6,1,4,4,3,3,5,7,25.336111111,0.384683889,9.746393752
4,4,6,6,1,4,4,3,3,6,0,25.376666667,0.386054944,9.796787640
4,4,6,6,1,4,4,3,3,6,1,25.590277778,0.386030944,9.878639099
4,4,6,6,1,4,4,3,3,6,2,25.281111111,0.383631278,9.698624959
4,4,6,6,1,4,4,3,3,6,3,25.736388889,0.385768778,9.928295286
4,4,6,6,1,4,4,3,3,6,4,25.593611111,0.383795556,9.822714195
4,4,6,6,1,4,4,3,3,6,5,25.451666667,0.385479278,9.811090085
4,4,6,6,1,4,4,3,3,6,6,25.110555556,0.384163222,9.646551934
4,4,6,6,1,4,4,3,3,6,7,24.980555556,0.384736056,9.610920410
4,4,6,6,1,4,4,3,3,7,0,25.249722222,0.386049667,9.747646847
4,4,6,6,1,4,4,3,3,7,1,25.341944444,0.385879889,9.778946706
4,4,6,6,1,4,4,3,3,7,2,25.341111111,0.383486944,9.717985269
4,4,6,6,1,4,4,3,3,7,3,25.703333333,0.385830167,9.917121384
4,4,6,6,1,4,4,3,3,7,4,25.565000000,0.383636944,9.807678485
4,4,6,6,1,4,4,3,3,7,5,25.566944444,0.385118833,9.846311816
4,4,6,6,1,4,4,3,3,7,6,25.140833333,0.384381667,9.663675418
4,4,6,6,1,4,4,3,3,7,7,25.015555556,0.384789278,9.625717555
4,4,6,6,1,4,4,3,3,8,0,25.341944444,0.385934000,9.780317987
4,4,6,6,1,4,4,3,3,8,1,25.663333333,0.386063389,9.907673437
4,4,6,6,1,4,4,3,3,8,3,25.729444444,0.385898444,9.928952588
4,4,6,6,1,4,4,3,3,8,2,25.458055556,0.383612556,9.766029751
4,4,6,6,1,4,4,3,3,8,4,25.304166667,0.383477056,9.703567327
4,4,6,6,1,4,4,3,3,8,5,25.678333333,0.385218944,9.891780462
4,4,6,6,1,4,4,3,3,8,7,25.009444444,0.384744444,9.622244809
4,4,6,6,1,4,4,3,3,8,6,25.453611111,0.384219500,9.779773734
4,4,6,6,1,4,4,3,4,1,0,25.565833333,0.386014444,9.868780951
4,4,6,6,1,4,4,3,4,1,1,25.347500000,0.386149222,9.787917410
4,4,6,6,1,4,4,3,4,1,2,25.110000000,0.383629333,9.632932560
4,4,6,6,1,4,4,3,4,1,3,25.864722222,0.385795222,9.978486257
4,4,6,6,1,4,4,3,4,1,4,25.483888889,0.383793833,9.780559405
4,4,6,6,1,4,4,3,4,1,5,25.371666667,0.385397167,9.778168447
4,4,6,6,1,4,4,3,4,1,6,25.279444444,0.384420444,9.717935269
4,4,6,6,1,4,4,3,4,1,7,25.146666667,0.384779000,9.675909253
4,4,6,6,1,4,4,3,4,2,0,25.294444444,0.386024111,9.764265433
4,4,6,6,1,4,4,3,4,2,1,25.361388889,0.386150444,9.793311591
4,4,6,6,1,4,4,3,4,2,2,25.034444444,0.383732111,9.606520217
4,4,6,6,1,4,4,3,4,2,3,25.453888889,0.385797611,9.820049527
4,4,6,6,1,4,4,3,4,2,4,25.570277778,0.383960278,9.817970958
4,4,6,6,1,4,4,3,4,2,5,25.643888889,0.385250000,9.879308194
4,4,6,6,1,4,4,3,4,2,6,25.460277778,0.384434556,9.787810572
4,4,6,6,1,4,4,3,4,2,7,25.181666667,0.384714333,9.687748104
4,4,6,6,1,4,4,3,4,3,0,25.267777778,0.385979778,9.752851252
4,4,6,6,1,4,4,3,4,3,1,25.370277778,0.386015278,9.793314824
4,4,6,6,1,4,4,3,4,3,4,25.608333333,0.383688222,9.825615891
4,4,6,6,1,4,4,3,4,3,2,25.167777778,0.383335222,9.647695687
4,4,6,6,1,4,4,3,4,3,3,25.530833333,0.386152944,9.858806466
4,4,6,6,1,4,4,3,4,3,5,25.182777778,0.385303000,9.702999826
4,4,6,6,1,4,4,3,4,3,6,25.259166667,0.384339000,9.708082857
4,4,6,6,1,4,4,3,4,3,7,24.979722222,0.384688833,9.609420199
4,4,6,6,1,4,4,3,4,4,0,25.361111111,0.386088833,9.791641801
4,4,6,6,1,4,4,3,4,4,1,25.447500000,0.386033444,9.823586077
4,4,6,6,1,4,4,3,4,4,3,25.486666667,0.385844611,9.833892989
4,4,6,6,1,4,4,3,4,4,2,25.090833333,0.383558056,9.623791246
4,4,6,6,1,4,4,3,4,4,4,25.585277778,0.383765500,9.818746919
4,4,6,6,1,4,4,3,4,4,5,25.333055556,0.385301944,9.760875564
4,4,6,6,1,4,4,3,4,4,6,25.285555556,0.384355556,9.718643753
4,4,6,6,1,4,4,3,4,4,7,25.428611111,0.384754333,9.783768316
4,4,6,6,1,4,4,3,4,5,0,25.135833333,0.385986778,9.702099315
4,4,6,6,1,4,4,3,4,5,1,25.196944444,0.386100611,9.728555648
4,4,6,6,1,4,4,3,4,5,2,25.322222222,0.383591278,9.713383578
4,4,6,6,1,4,4,3,4,5,3,25.595000000,0.385974222,9.879010218
4,4,6,6,1,4,4,3,4,5,4,25.616111111,0.383974944,9.835944841
4,4,6,6,1,4,4,3,4,5,5,25.334722222,0.385008167,9.754074956
4,4,6,6,1,4,4,3,4,5,6,25.370555556,0.384245722,9.748527443
4,4,6,6,1,4,4,3,4,5,7,25.229444444,0.384981389,9.712866563
4,4,6,6,1,4,4,3,4,6,0,25.383055556,0.386213833,9.803287188
4,4,6,6,1,4,4,3,4,6,1,25.604722222,0.386174944,9.887902182
4,4,6,6,1,4,4,3,4,6,4,25.531111111,0.383709833,9.796538389
4,4,6,6,1,4,4,3,4,6,2,25.255555556,0.383759556,9.692060775
4,4,6,6,1,4,4,3,4,6,3,25.635555556,0.385917333,9.893205239
4,4,6,6,1,4,4,3,4,6,5,25.505000000,0.385375056,9.828990792
4,4,6,6,1,4,4,3,4,6,6,25.235555556,0.384387278,9.700226503
4,4,6,6,1,4,4,3,4,6,7,25.031388889,0.384691778,9.629369492
4,4,6,6,1,4,4,3,4,7,0,25.360000000,0.386127944,9.792204671
4,4,6,6,1,4,4,3,4,7,3,25.618055556,0.385869889,9.885236251
4,4,6,6,1,4,4,3,4,7,1,25.525555556,0.385915000,9.850694772
4,4,6,6,1,4,4,3,4,7,2,25.303055556,0.383508667,9.703941099
4,4,6,6,1,4,4,3,4,7,4,25.616666667,0.383823611,9.832281505
4,4,6,6,1,4,4,3,4,7,5,25.468611111,0.385237556,9.811465488
4,4,6,6,1,4,4,3,4,7,6,25.403888889,0.384451111,9.766553310
4,4,6,6,1,4,4,3,4,7,7,25.447777778,0.385025944,9.798054673
4,4,6,6,1,4,4,3,4,8,0,25.556388889,0.385791833,9.859446123
4,4,6,6,1,4,4,3,4,8,1,25.439444444,0.385960556,9.818622111
4,4,6,6,1,4,4,3,4,8,2,25.404444444,0.383602889,9.745218280
4,4,6,6,1,4,4,3,4,8,3,25.630277778,0.386168667,9.897610196
4,4,6,6,1,4,4,3,4,8,4,25.571944444,0.383951944,9.818397793
4,4,6,6,1,5,4,3,0,1,0,25.495555556,0.386278389,9.848382124
4,4,6,6,1,5,4,3,0,1,1,25.303888889,0.385920944,9.765300698
4,4,6,6,1,5,4,3,0,1,2,25.359166667,0.383634889,9.728661086
4,4,6,6,1,4,4,3,4,8,5,25.528055556,0.385385333,9.838138200
4,4,6,6,1,4,4,3,4,8,7,25.032500000,0.384690056,9.629753816
4,4,6,6,1,5,4,3,0,1,3,25.689722222,0.385920278,9.914184736
4,4,6,6,1,4,4,3,4,8,6,25.473055556,0.384639833,9.797951843
4,4,6,6,1,5,4,3,0,1,4,25.693055556,0.383651389,9.857176449
4,4,6,6,1,5,4,3,0,1,5,25.310833333,0.385230000,9.750492325
4,4,6,6,1,5,4,3,0,1,6,25.338888889,0.384293111,9.737560443
4,4,6,6,1,5,4,3,0,1,7,25.180833333,0.384713000,9.687393934
4,4,6,6,1,5,4,3,0,2,0,25.105277778,0.386025333,9.691273223
4,4,6,6,1,5,4,3,0,2,1,25.353333333,0.385922056,9.784410515
4,4,6,6,1,5,4,3,0,2,2,25.010833333,0.383537833,9.592600827
4,4,6,6,1,5,4,3,0,2,3,25.600555556,0.385745889,9.875309059
4,4,6,6,1,5,4,3,0,2,4,25.586944444,0.383857111,9.821730577
4,4,6,6,1,5,4,3,0,2,5,25.321666667,0.385435944,9.759880507
4,4,6,6,1,5,4,3,0,2,6,25.102222222,0.384326111,9.647439447
4,4,6,6,1,5,4,3,0,2,7,25.099444444,0.384811389,9.658552077
4,4,6,6,1,5,4,3,0,3,0,25.422500000,0.386083722,9.815213428
4,4,6,6,1,5,4,3,0,3,1,25.516388889,0.385929778,9.847534294
4,4,6,6,1,5,4,3,0,3,2,25.221388889,0.383637111,9.675860772
4,4,6,6,1,5,4,3,0,3,3,25.594444444,0.385871167,9.876158138
4,4,6,6,1,5,4,3,0,3,4,25.625277778,0.383629389,9.830609654
4,4,6,6,1,5,4,3,0,3,5,25.350833333,0.385256278,9.766567689
4,4,6,6,1,5,4,3,0,3,6,25.371944444,0.384144056,9.746481636
4,4,6,6,1,5,4,3,0,3,7,25.235833333,0.384683222,9.707801682
4,4,6,6,1,5,4,3,0,4,0,25.324166667,0.386094889,9.777531315
4,4,6,6,1,5,4,3,0,4,1,25.310277778,0.385820444,9.765222621
4,4,6,6,1,5,4,3,0,4,2,25.275000000,0.383629944,9.696246846
4,4,6,6,1,5,4,3,0,4,3,25.646111111,0.385660556,9.890693459
4,4,6,6,1,5,4,3,0,4,4,25.565555556,0.383760389,9.811047542
4,4,6,6,1,5,4,3,0,4,5,25.295833333,0.385337222,9.747426150
4,4,6,6,1,5,4,3,0,4,6,25.214166667,0.384232000,9.688089687
4,4,6,6,1,5,4,3,0,4,7,25.274444444,0.384860167,9.727126901
4,4,6,6,1,5,4,3,0,5,0,25.133055556,0.385924278,9.699456314
4,4,6,6,1,5,4,3,0,5,1,25.510833333,0.386119889,9.850240132
4,4,6,6,1,5,4,3,0,5,2,25.198055556,0.383538389,9.664421631
4,4,6,6,1,5,4,3,0,5,3,25.655000000,0.385621833,9.893128134
4,4,6,6,1,5,4,3,0,5,4,25.585555556,0.383989056,9.824573314
4,4,6,6,1,5,4,3,0,5,5,25.448888889,0.385436222,9.808923593
4,4,6,6,1,5,4,3,0,5,6,25.217500000,0.384281778,9.690625731
4,4,6,6,1,5,4,3,0,5,7,25.206111111,0.384841500,9.700357609
4,4,6,6,1,5,4,3,0,6,0,25.356666667,0.385863111,9.784202287
4,4,6,6,1,5,4,3,0,6,1,25.537500000,0.385960278,9.856460594
4,4,6,6,1,5,4,3,0,6,2,25.182500000,0.383648778,9.661235346
4,4,6,6,1,5,4,3,0,6,3,25.723055556,0.385837056,9.924908015
4,4,6,6,1,5,4,3,0,6,4,25.290555556,0.383668056,9.703178274
4,4,6,6,1,5,4,3,0,6,5,25.639722222,0.385382944,9.881111645
4,4,6,6,1,5,4,3,0,6,6,25.343888889,0.384277389,9.739083447
4,4,6,6,1,5,4,3,0,6,7,25.423333333,0.384787167,9.782572401
4,4,6,6,1,5,4,3,0,7,0,25.207222222,0.386277389,9.736979981
4,4,6,6,1,5,4,3,0,7,1,25.674444444,0.386054611,9.911737665
4,4,6,6,1,5,4,3,0,7,2,25.445555556,0.383559667,9.759888807
4,4,6,6,1,5,4,3,0,7,4,25.638888889,0.383731444,9.838447867
4,4,6,6,1,5,4,3,0,7,3,25.700555556,0.385762333,9.914306279
4,4,6,6,1,5,4,3,0,7,5,25.644444444,0.385435556,9.884280691
4,4,6,6,1,5,4,3,0,7,6,25.113333333,0.384145833,9.647182361
4,4,6,6,1,5,4,3,0,7,7,24.994166667,0.384730278,9.616012684
4,4,6,6,1,5,4,3,0,8,0,25.385277778,0.385855778,9.795056101
4,4,6,6,1,5,4,3,0,8,1,25.680833333,0.386017500,9.913251081
4,4,6,6,1,5,4,3,0,8,2,25.108888889,0.383388111,9.626449483
4,4,6,6,1,5,4,3,0,8,3,25.641666667,0.385851278,9.893869848
4,4,6,6,1,5,4,3,0,8,4,25.701666667,0.383909556,9.867115427
4,4,6,6,1,5,4,3,0,8,5,25.506111111,0.384954889,9.818702169
4,4,6,6,1,5,4,3,0,8,6,25.046944444,0.384057111,9.619457125
4,4,6,6,1,5,4,3,0,8,7,25.298611111,0.384701889,9.732423481
4,4,6,6,1,5,4,3,1,1,0,25.280000000,0.385979778,9.757568782
4,4,6,6,1,5,4,3,1,1,1,25.188055556,0.385853000,9.718886800
4,4,6,6,1,5,4,3,1,1,2,25.108055556,0.383570500,9.630709423
4,4,6,6,1,5,4,3,1,1,3,25.518611111,0.386029833,9.850945194
4,4,6,6,1,5,4,3,1,1,4,25.538333333,0.383648556,9.797744695
4,4,6,6,1,5,4,3,1,1,5,25.302777778,0.385219667,9.747127621
4,4,6,6,1,5,4,3,1,1,6,25.215833333,0.384118667,9.685872279
4,4,6,6,1,5,4,3,1,1,7,25.215555556,0.384858222,9.704413883
4,4,6,6,1,5,4,3,1,2,0,25.469444444,0.385956278,9.830091975
4,4,6,6,1,5,4,3,1,2,2,25.110000000,0.383365611,9.626310495
4,4,6,6,1,5,4,3,1,2,1,25.426388889,0.386030167,9.815353141
4,4,6,6,1,5,4,3,1,2,3,25.854444444,0.386178778,9.984437756
4,4,6,6,1,5,4,3,1,2,4,25.510555556,0.383773389,9.790272358
4,4,6,6,1,5,4,3,1,2,5,25.368611111,0.385208056,9.772193358
4,4,6,6,1,5,4,3,1,2,6,25.301944444,0.384444389,9.727190570
4,4,6,6,1,5,4,3,1,2,7,25.128888889,0.384814222,9.669953833
4,4,6,6,1,5,4,3,1,3,1,25.238611111,0.385916944,9.740007682
4,4,6,6,1,5,4,3,1,3,0,25.367777778,0.386141556,9.795553172
4,4,6,6,1,5,4,3,1,3,2,25.253888889,0.383382111,9.681889236
4,4,6,6,1,5,4,3,1,3,3,25.692222222,0.385824167,9.912680229
4,4,6,6,1,5,4,3,1,3,5,25.290833333,0.385147667,9.740705446
4,4,6,6,1,5,4,3,1,3,4,25.570833333,0.383782889,9.813648288
4,4,6,6,1,5,4,3,1,3,6,25.235277778,0.384428500,9.701159983
4,4,6,6,1,5,4,3,1,3,7,25.139166667,0.384818444,9.674015011
4,4,6,6,1,5,4,3,1,4,0,25.383888889,0.386069500,9.799945291
4,4,6,6,1,5,4,3,1,4,1,25.558333333,0.385946667,9.864153556
4,4,6,6,1,5,4,3,1,4,2,25.237500000,0.383468167,9.677777856
4,4,6,6,1,5,4,3,1,4,3,25.529444444,0.385909778,9.852062232
4,4,6,6,1,5,4,3,1,4,4,25.492222222,0.383867000,9.785622868
4,4,6,6,1,5,4,3,1,4,5,25.302222222,0.385362056,9.750516366
4,4,6,6,1,5,4,3,1,4,6,25.316111111,0.384256222,9.727873217
4,4,6,6,1,5,4,3,1,4,7,25.145000000,0.384823278,9.676381320
4,4,6,6,1,5,4,3,1,5,0,25.439722222,0.385720389,9.812619549
4,4,6,6,1,5,4,3,1,5,1,25.678333333,0.386015778,9.912241814
4,4,6,6,1,5,4,3,1,5,2,25.068888889,0.383521944,9.614469012
4,4,6,6,1,5,4,3,1,5,3,25.666666667,0.385778389,9.901645315
4,4,6,6,1,5,4,3,1,5,4,25.569166667,0.383769444,9.812664887
4,4,6,6,1,5,4,3,1,5,5,25.493611111,0.385136667,9.818524405
4,4,6,6,1,5,4,3,1,5,6,25.376111111,0.384226056,9.750163078
4,4,6,6,1,5,4,3,1,5,7,25.235833333,0.384842389,9.711818386
4,4,6,6,1,5,4,3,1,6,0,25.140277778,0.386033556,9.704990818
4,4,6,6,1,5,4,3,1,6,1,25.680833333,0.386042333,9.913888822
4,4,6,6,1,5,4,3,1,6,2,25.174166667,0.383434167,9.652635617
4,4,6,6,1,5,4,3,1,6,3,25.632777778,0.385883833,9.891274548
4,4,6,6,1,5,4,3,1,6,4,25.670555556,0.383739778,9.850813284
4,4,6,6,1,5,4,3,1,6,5,25.430833333,0.385261722,9.797526648
4,4,6,6,1,5,4,3,1,6,6,25.314444444,0.384304556,9.728456321
4,4,6,6,1,5,4,3,1,6,7,25.456666667,0.384714333,9.793544546
4,4,6,6,1,5,4,3,1,7,0,25.435000000,0.385895500,9.815252042
4,4,6,6,1,5,4,3,1,7,1,25.506666667,0.386042889,9.846667286
4,4,6,6,1,5,4,3,1,7,2,25.032777778,0.383440111,9.598571093
4,4,6,6,1,5,4,3,1,7,3,25.600555556,0.385926611,9.879935648
4,4,6,6,1,5,4,3,1,7,4,25.646111111,0.383814444,9.843347888
4,4,6,6,1,5,4,3,1,7,6,25.313888889,0.384336722,9.729057082
4,4,6,6,1,5,4,3,1,7,5,25.464722222,0.385344889,9.812700555
4,4,6,6,1,5,4,3,1,7,7,24.961388889,0.384782278,9.604700073
4,4,6,6,1,5,4,3,1,8,0,25.431666667,0.385882722,9.813640764
4,4,6,6,1,5,4,3,1,8,1,25.601944444,0.386022222,9.882919488
4,4,6,6,1,5,4,3,1,8,2,25.460555556,0.383523889,9.764731280
4,4,6,6,1,5,4,3,1,8,3,25.544444444,0.385749444,9.853755253
4,4,6,6,1,5,4,3,1,8,4,25.714722222,0.383652833,9.865526039
4,4,6,6,1,5,4,3,1,8,5,25.611111111,0.385278500,9.867410472
4,4,6,6,1,5,4,3,1,8,6,25.493611111,0.384095444,9.791979890
4,4,6,6,1,5,4,3,1,8,7,24.988333333,0.384735389,9.613896143
4,4,6,6,1,5,4,3,2,1,0,25.228055556,0.386050000,9.739290847
4,4,6,6,1,5,4,3,2,1,1,25.340555556,0.386052444,9.782783416
4,4,6,6,1,5,4,3,2,1,2,25.351388889,0.383362333,9.718767598
4,4,6,6,1,5,4,3,2,1,3,25.510555556,0.385794389,9.841829191
4,4,6,6,1,5,4,3,2,1,4,25.607777778,0.383741944,9.826778437
4,4,6,6,1,5,4,3,2,1,5,25.434722222,0.385419444,9.803036508
4,4,6,6,1,5,4,3,2,1,7,25.036666667,0.384652889,9.630426161
4,4,6,6,1,5,4,3,2,1,6,25.314722222,0.384141889,9.724445211
4,4,6,6,1,5,4,3,2,2,0,25.292222222,0.386012944,9.763125172
4,4,6,6,1,5,4,3,2,2,1,25.420277778,0.385969611,9.811454728
4,4,6,6,1,5,4,3,2,2,3,25.514444444,0.385624222,9.838987794
4,4,6,6,1,5,4,3,2,2,2,25.489722222,0.383432167,9.773579419
4,4,6,6,1,5,4,3,2,2,4,25.600000000,0.383819333,9.825774933
4,4,6,6,1,5,4,3,2,2,5,25.573888889,0.385293889,9.853463104
4,4,6,6,1,5,4,3,2,2,6,25.388055556,0.384315778,9.757030317
4,4,6,6,1,5,4,3,2,2,7,25.045000000,0.384659111,9.633787438
4,4,6,6,1,5,4,3,2,3,0,25.201388889,0.386153389,9.731601724
4,4,6,6,1,5,4,3,2,3,3,25.457777778,0.385932667,9.824988065
4,4,6,6,1,5,4,3,2,3,1,25.656111111,0.385909556,9.900938436
4,4,6,6,1,5,4,3,2,3,2,25.234444444,0.383417444,9.675326201
4,4,6,6,1,5,4,3,2,3,4,25.502777778,0.383834111,9.788836039
4,4,6,6,1,5,4,3,2,3,5,25.459444444,0.385299111,9.809501314
4,4,6,6,1,5,4,3,2,3,6,25.312500000,0.384394556,9.729987188
4,4,6,6,1,5,4,3,2,3,7,25.242777778,0.384857111,9.714862532
4,4,6,6,1,5,4,3,2,4,0,25.357777778,0.385952056,9.786886458
4,4,6,6,1,5,4,3,2,4,1,25.335277778,0.385969500,9.778644496
4,4,6,6,1,5,4,3,2,4,2,25.244722222,0.383427278,9.679515120
4,4,6,6,1,5,4,3,2,4,3,25.676944444,0.385666333,9.902733015
4,4,6,6,1,5,4,3,2,4,4,25.500000000,0.383611333,9.782089000
4,4,6,6,1,5,4,3,2,4,5,25.442777778,0.385100056,9.798015136
4,4,6,6,1,5,4,3,2,4,6,25.518333333,0.384359333,9.808209588
4,4,6,6,1,5,4,3,2,4,7,25.414166667,0.384608278,9.774498873
4,4,6,6,1,5,4,3,2,5,0,25.300000000,0.386138944,9.769315294
4,4,6,6,1,5,4,3,2,5,1,25.461111111,0.386064111,9.829621229
4,4,6,6,1,5,4,3,2,5,2,25.395555556,0.383619222,9.742223270
4,4,6,6,1,5,4,3,2,5,3,25.665000000,0.385936444,9.905058847
4,4,6,6,1,5,4,3,2,5,4,25.706944444,0.383839667,9.867344987
4,4,6,6,1,5,4,3,2,5,5,25.593888889,0.385181444,9.858291091
4,4,6,6,1,5,4,3,2,5,6,25.335833333,0.384394389,9.738952171
4,4,6,6,1,5,4,3,2,5,7,25.385277778,0.384664000,9.764802491
4,4,6,6,1,5,4,3,2,6,0,25.301944444,0.386133833,9.769936799
4,4,6,6,1,5,4,3,2,6,1,25.166111111,0.385806111,9.709239460
4,4,6,6,1,5,4,3,2,6,2,25.262222222,0.383613667,9.690933695
4,4,6,6,1,5,4,3,2,6,3,25.691666667,0.385767333,9.911005739
4,4,6,6,1,5,4,3,2,6,4,25.613333333,0.383736167,9.828762349
4,4,6,6,1,5,4,3,2,6,5,25.636666667,0.385279111,9.877272145
4,4,6,6,1,5,4,3,2,6,6,25.332777778,0.384121222,9.730857562
4,4,6,6,1,5,4,3,2,6,7,25.430277778,0.384794833,9.785439499
4,4,6,6,1,5,4,3,2,7,0,25.409444444,0.385971833,9.807329856
4,4,6,6,1,5,4,3,2,7,1,25.541944444,0.386040444,9.860223585
4,4,6,6,1,5,4,3,2,7,2,25.211111111,0.383582167,9.670532624
4,4,6,6,1,5,4,3,2,7,3,25.584166667,0.385901611,9.872971136
4,4,6,6,1,5,4,3,2,7,4,25.656111111,0.383885667,9.849013318
4,4,6,6,1,5,4,3,2,7,5,25.205555556,0.385164056,9.708274000
4,4,6,6,1,5,4,3,2,7,7,25.007500000,0.384659444,9.619371057
4,4,6,6,1,5,4,3,2,7,6,25.448055556,0.384093444,9.774431313
4,4,6,6,1,5,4,3,2,8,0,25.255555556,0.385875722,9.745505740
4,4,6,6,1,5,4,3,2,8,2,24.985000000,0.383303000,9.576825455
4,4,6,6,1,5,4,3,2,8,1,25.598055556,0.386118333,9.883878548
4,4,6,6,1,5,4,3,2,8,3,25.687777778,0.385803111,9.910424584
4,4,6,6,1,5,4,3,2,8,4,25.321388889,0.383576611,9.712692539
4,4,6,6,1,5,4,3,2,8,7,24.946944444,0.384767389,9.598770675
4,4,6,6,1,5,4,3,2,8,5,25.541111111,0.385310944,9.841269644
4,4,6,6,1,5,4,3,2,8,6,25.414722222,0.384355111,9.768278384
4,4,6,6,1,5,4,3,3,1,0,25.312500000,0.385973667,9.769958437
4,4,6,6,1,5,4,3,3,1,3,25.584444444,0.385711889,9.868224393
4,4,6,6,1,5,4,3,3,1,2,25.271111111,0.383534722,9.692348580
4,4,6,6,1,5,4,3,3,1,1,25.643888889,0.385901833,9.896023736
4,4,6,6,1,5,4,3,3,1,4,25.547222222,0.383881056,9.807094633
4,4,6,6,1,5,4,3,3,1,5,25.324722222,0.385216833,9.755509299
4,4,6,6,1,5,4,3,3,1,6,25.210277778,0.384333389,9.689151493
4,4,6,6,1,5,4,3,3,1,7,25.123611111,0.384778333,9.667021211
4,4,6,6,1,5,4,3,3,2,0,25.139166667,0.386019500,9.704208547
4,4,6,6,1,5,4,3,3,2,1,25.568055556,0.386000333,9.869277967
4,4,6,6,1,5,4,3,3,2,2,25.272777778,0.383536833,9.693041158
4,4,6,6,1,5,4,3,3,2,3,25.549722222,0.385871222,9.858902541
4,4,6,6,1,5,4,3,3,2,4,25.609722222,0.383846778,9.830209355
4,4,6,6,1,5,4,3,3,2,5,25.351666667,0.385419111,9.771016832
4,4,6,6,1,5,4,3,3,2,6,25.358888889,0.384337722,9.746377594
4,4,6,6,1,5,4,3,3,2,7,25.220277778,0.384880389,9.706790319
4,4,6,6,1,5,4,3,3,3,0,25.303333333,0.386035833,9.767993369
4,4,6,6,1,5,4,3,3,3,2,25.161666667,0.383552278,9.650814563
4,4,6,6,1,5,4,3,3,3,1,25.373333333,0.385952500,9.792901433
4,4,6,6,1,5,4,3,3,3,3,25.470000000,0.385774000,9.825663780
4,4,6,6,1,5,4,3,3,3,4,25.577222222,0.383745722,9.815149614
4,4,6,6,1,5,4,3,3,3,5,25.292777778,0.385320389,9.745822969
4,4,6,6,1,5,4,3,3,3,6,25.470000000,0.384437944,9.791634445
4,4,6,6,1,5,4,3,3,3,7,25.212222222,0.384683444,9.698724487
4,4,6,6,1,5,4,3,3,4,0,25.317222222,0.386037944,9.773408426
4,4,6,6,1,5,4,3,3,4,1,25.577222222,0.386172111,9.877209902
4,4,6,6,1,5,4,3,3,4,2,24.986666667,0.383447333,9.581070702
4,4,6,6,1,5,4,3,3,4,3,25.666111111,0.385785222,9.901606379
4,4,6,6,1,5,4,3,3,4,4,25.613333333,0.383763111,9.829452486
4,4,6,6,1,5,4,3,3,4,5,25.535277778,0.385223889,9.836799009
4,4,6,6,1,5,4,3,3,4,6,25.234444444,0.384400778,9.700140071
4,4,6,6,1,5,4,3,3,4,7,25.335555556,0.384846111,9.750290028
4,4,6,6,1,5,4,3,3,5,0,25.456111111,0.386102056,9.828656826
4,4,6,6,1,5,4,3,3,5,2,25.334722222,0.383617167,9.718834357
4,4,6,6,1,5,4,3,3,5,1,25.551111111,0.386014056,9.863088024
4,4,6,6,1,5,4,3,3,5,3,25.720833333,0.385927444,9.926375477
4,4,6,6,1,5,4,3,3,5,4,25.804166667,0.383764111,9.902713084
4,4,6,6,1,5,4,3,3,5,5,25.370555556,0.385332944,9.776110874
4,4,6,6,1,5,4,3,3,5,6,25.237222222,0.384398833,9.701158779
4,4,6,6,1,5,4,3,3,5,7,25.336111111,0.384692889,9.746621777
4,4,6,6,1,5,4,3,3,6,0,25.376666667,0.386050611,9.796677675
4,4,6,6,1,5,4,3,3,6,2,25.281111111,0.383654111,9.699202211
4,4,6,6,1,5,4,3,3,6,1,25.590277778,0.386026111,9.878515413
4,4,6,6,1,5,4,3,3,6,3,25.736388889,0.385729778,9.927291567
4,4,6,6,1,5,4,3,3,6,4,25.593611111,0.383814722,9.823204739
4,4,6,6,1,5,4,3,3,6,6,25.110555556,0.384193556,9.647313621
4,4,6,6,1,5,4,3,3,6,5,25.451666667,0.385506944,9.811794248
4,4,6,6,1,5,4,3,3,6,7,24.980555556,0.384745056,9.611145235
4,4,6,6,1,5,4,3,3,7,0,25.249722222,0.386045333,9.747537432
4,4,6,6,1,5,4,3,3,7,1,25.341944444,0.385875056,9.778824220
4,4,6,6,1,5,4,3,3,7,2,25.341111111,0.383509778,9.718563891
4,4,6,6,1,5,4,3,3,7,3,25.703333333,0.385791167,9.916118954
4,4,6,6,1,5,4,3,3,7,4,25.565000000,0.383659278,9.808249436
4,4,6,6,1,5,4,3,3,7,5,25.566944444,0.385146500,9.847019168
4,4,6,6,1,5,4,3,3,7,6,25.140833333,0.384408833,9.664358411
4,4,6,6,1,5,4,3,3,7,7,25.015555556,0.384801444,9.626021911
4,4,6,6,1,5,4,3,3,8,0,25.341944444,0.385929667,9.780208172
4,4,6,6,1,5,4,3,3,8,1,25.663333333,0.386058556,9.907549397
4,4,6,6,1,5,4,3,3,8,2,25.458055556,0.383635389,9.766611043
4,4,6,6,1,5,4,3,3,8,3,25.729444444,0.385859444,9.927949139
4,4,6,6,1,5,4,3,3,8,4,25.304166667,0.383499389,9.704132453
4,4,6,6,1,5,4,3,3,8,5,25.678333333,0.385246611,9.892490896
4,4,6,6,1,5,4,3,3,8,6,25.453611111,0.384246667,9.780465224
4,4,6,6,1,5,4,3,3,8,7,25.009444444,0.384756611,9.622549090
4,4,6,6,1,5,4,3,4,1,0,25.565833333,0.386014444,9.868780951
4,4,6,6,1,5,4,3,4,1,1,25.347500000,0.386131889,9.787478054
4,4,6,6,1,5,4,3,4,1,2,25.110000000,0.383633333,9.633033000
4,4,6,6,1,5,4,3,4,1,3,25.864722222,0.385755556,9.977460290
4,4,6,6,1,5,4,3,4,1,4,25.483888889,0.383805500,9.780856717
4,4,6,6,1,5,4,3,4,1,5,25.371666667,0.385409167,9.778472907
4,4,6,6,1,5,4,3,4,1,6,25.279444444,0.384445111,9.718558828
4,4,6,6,1,5,4,3,4,1,7,25.146666667,0.384782333,9.675993076
4,4,6,6,1,5,4,3,4,2,0,25.294444444,0.386024111,9.764265433
4,4,6,6,1,5,4,3,4,2,1,25.361388889,0.386133111,9.792871994
4,4,6,6,1,5,4,3,4,2,2,25.034444444,0.383741111,9.606745527
4,4,6,6,1,5,4,3,4,2,3,25.453888889,0.385757944,9.819039856
4,4,6,6,1,5,4,3,4,2,4,25.570277778,0.383971944,9.818269278
4,4,6,6,1,5,4,3,4,2,5,25.643888889,0.385262000,9.879615921
4,4,6,6,1,5,4,3,4,2,6,25.460277778,0.384459222,9.788438592
4,4,6,6,1,5,4,3,4,2,7,25.181666667,0.384717667,9.687832043
4,4,6,6,1,5,4,3,4,3,0,25.267777778,0.385979778,9.752851252
4,4,6,6,1,5,4,3,4,3,1,25.370277778,0.385997944,9.792875072
4,4,6,6,1,5,4,3,4,3,2,25.167777778,0.383344222,9.647922197
4,4,6,6,1,5,4,3,4,3,3,25.530833333,0.386113278,9.857793743
4,4,6,6,1,5,4,3,4,3,4,25.608333333,0.383699889,9.825914655
4,4,6,6,1,5,4,3,4,3,5,25.182777778,0.385315000,9.703302019
4,4,6,6,1,5,4,3,4,3,6,25.259166667,0.384363667,9.708705917
4,4,6,6,1,5,4,3,4,3,7,24.979722222,0.384697167,9.609628363
4,4,6,6,1,5,4,3,4,4,0,25.361111111,0.386088833,9.791641801
4,4,6,6,1,5,4,3,4,4,1,25.447500000,0.386016111,9.823144988
4,4,6,6,1,5,4,3,4,4,2,25.090833333,0.383567056,9.624017063
4,4,6,6,1,5,4,3,4,4,3,25.486666667,0.385804944,9.832882017
4,4,6,6,1,5,4,3,4,4,4,25.585277778,0.383782167,9.819173340
4,4,6,6,1,5,4,3,4,4,5,25.333055556,0.385313944,9.761179561
4,4,6,6,1,5,4,3,4,4,6,25.285555556,0.384375222,9.719141036
4,4,6,6,1,5,4,3,4,4,7,25.428611111,0.384762667,9.783980221
4,4,6,6,1,5,4,3,4,5,0,25.135833333,0.385986778,9.702099315
4,4,6,6,1,5,4,3,4,5,1,25.196944444,0.386083278,9.728118901
4,4,6,6,1,5,4,3,4,5,3,25.595000000,0.385934556,9.877994949
4,4,6,6,1,5,4,3,4,5,2,25.322222222,0.383600278,9.713611478
4,4,6,6,1,5,4,3,4,5,4,25.616111111,0.383991611,9.836371776
4,4,6,6,1,5,4,3,4,5,5,25.334722222,0.385020167,9.754378972
4,4,6,6,1,5,4,3,4,5,6,25.370555556,0.384270389,9.749153250
4,4,6,6,1,5,4,3,4,5,7,25.229444444,0.384989722,9.713076808
4,4,6,6,1,5,4,3,4,6,0,25.383055556,0.386213833,9.803287188
4,4,6,6,1,5,4,3,4,6,1,25.604722222,0.386157611,9.887458366
4,4,6,6,1,5,4,3,4,6,2,25.255555556,0.383768556,9.692288075
4,4,6,6,1,5,4,3,4,6,3,25.635555556,0.385882667,9.892316539
4,4,6,6,1,5,4,3,4,6,4,25.531111111,0.383726500,9.796963908
4,4,6,6,1,5,4,3,4,6,5,25.505000000,0.385387056,9.829296852
4,4,6,6,1,5,4,3,4,6,6,25.235555556,0.384406944,9.700722802
4,4,6,6,1,5,4,3,4,6,7,25.031388889,0.384705111,9.629703244
4,4,6,6,1,5,4,3,4,7,0,25.360000000,0.386122944,9.792077871
4,4,6,6,1,5,4,3,4,7,1,25.525555556,0.385897667,9.850252329
4,4,6,6,1,5,4,3,4,7,2,25.303055556,0.383517667,9.704168826
4,4,6,6,1,5,4,3,4,7,3,25.618055556,0.385830222,9.884220068
4,4,6,6,1,5,4,3,4,7,4,25.616666667,0.383845278,9.832836532
4,4,6,6,1,5,4,3,4,7,5,25.468611111,0.385254556,9.811898454
4,4,6,6,1,5,4,3,4,7,6,25.403888889,0.384470778,9.767052920
4,4,6,6,1,5,4,3,4,7,7,25.447777778,0.385034278,9.798266738
4,4,6,6,1,5,4,3,4,8,0,25.556388889,0.385786833,9.859318341
4,4,6,6,1,5,4,3,4,8,1,25.439444444,0.385943222,9.818181160
4,4,6,6,1,5,4,3,4,8,2,25.404444444,0.383611889,9.745446920
4,4,6,6,1,5,4,3,4,8,3,25.630277778,0.386134000,9.896721679
4,4,6,6,1,5,4,3,4,8,4,25.571944444,0.383973611,9.818951851
4,4,6,6,1,6,4,3,0,1,0,25.495555556,0.386302222,9.848989768
4,4,6,6,1,6,4,3,0,1,1,25.303888889,0.385902000,9.764821330
4,4,6,6,1,5,4,3,4,8,5,25.528055556,0.385402333,9.838572177
4,4,6,6,1,6,4,3,0,1,2,25.359166667,0.383683278,9.729888188
4,4,6,6,1,6,4,3,0,1,3,25.689722222,0.385883278,9.913234216
4,4,6,6,1,5,4,3,4,8,6,25.473055556,0.384659500,9.798452813
4,4,6,6,1,5,4,3,4,8,7,25.032500000,0.384703389,9.630087582
4,4,6,6,1,6,4,3,0,1,4,25.693055556,0.383655167,9.857273511
4,4,6,6,1,6,4,3,0,1,5,25.310833333,0.385262167,9.751306490
4,4,6,6,1,6,4,3,0,1,7,25.180833333,0.384755944,9.688475311
4,4,6,6,1,6,4,3,0,1,6,25.338888889,0.384338778,9.738717586
4,4,6,6,1,6,4,3,0,2,0,25.105277778,0.386051444,9.691928749
4,4,6,6,1,6,4,3,0,2,2,25.010833333,0.383579722,9.593648503
4,4,6,6,1,6,4,3,0,2,1,25.353333333,0.385926778,9.784530239
4,4,6,6,1,6,4,3,0,2,3,25.600555556,0.385708278,9.874346193
4,4,6,6,1,6,4,3,0,2,4,25.586944444,0.383864167,9.821911107
4,4,6,6,1,6,4,3,0,2,6,25.102222222,0.384357111,9.648217616
4,4,6,6,1,6,4,3,0,2,5,25.321666667,0.385470167,9.760747070
4,4,6,6,1,6,4,3,0,2,7,25.099444444,0.384833778,9.659114026
4,4,6,6,1,6,4,3,0,3,1,25.516388889,0.385936167,9.847697315
4,4,6,6,1,6,4,3,0,3,0,25.422500000,0.386075500,9.815004399
4,4,6,6,1,6,4,3,0,3,2,25.221388889,0.383673056,9.676767340
4,4,6,6,1,6,4,3,0,3,3,25.594444444,0.385821833,9.874895479
4,4,6,6,1,6,4,3,0,3,4,25.625277778,0.383647611,9.831076604
4,4,6,6,1,6,4,3,0,3,5,25.350833333,0.385288944,9.767395816
4,4,6,6,1,6,4,3,0,3,7,25.235833333,0.384711000,9.708502678
4,4,6,6,1,6,4,3,0,3,6,25.371944444,0.384199556,9.747889779
4,4,6,6,1,6,4,3,0,4,0,25.324166667,0.386121111,9.778195371
4,4,6,6,1,6,4,3,0,4,2,25.275000000,0.383653556,9.696843617
4,4,6,6,1,6,4,3,0,4,1,25.310277778,0.385816167,9.765114349
4,4,6,6,1,6,4,3,0,4,3,25.646111111,0.385616833,9.889572154
4,4,6,6,1,6,4,3,0,4,4,25.565555556,0.383769222,9.811273371
4,4,6,6,1,6,4,3,0,4,6,25.214166667,0.384266056,9.688948369
4,4,6,6,1,6,4,3,0,4,5,25.295833333,0.385382389,9.748568679
4,4,6,6,1,6,4,3,0,4,7,25.274444444,0.384889333,9.727864073
4,4,6,6,1,6,4,3,0,5,0,25.133055556,0.385948611,9.700067885
4,4,6,6,1,6,4,3,0,5,2,25.198055556,0.383576556,9.665383357
4,4,6,6,1,6,4,3,0,5,1,25.510833333,0.386131333,9.850532089
4,4,6,6,1,6,4,3,0,5,3,25.655000000,0.385577333,9.891986487
4,4,6,6,1,6,4,3,0,5,4,25.585555556,0.383992333,9.824657177
4,4,6,6,1,6,4,3,0,5,6,25.217500000,0.384349556,9.692334917
4,4,6,6,1,6,4,3,0,5,5,25.448888889,0.385465333,9.809664439
4,4,6,6,1,6,4,3,0,5,7,25.206111111,0.384861222,9.700854730
4,4,6,6,1,6,4,3,0,6,0,25.356666667,0.385880389,9.784640394
4,4,6,6,1,6,4,3,0,6,1,25.537500000,0.385957667,9.856393912
4,4,6,6,1,6,4,3,0,6,2,25.182500000,0.383687833,9.662218863
4,4,6,6,1,6,4,3,0,6,3,25.723055556,0.385801111,9.923983415
4,4,6,6,1,6,4,3,0,6,4,25.290555556,0.383662889,9.703047606
4,4,6,6,1,6,4,3,0,6,6,25.343888889,0.384303556,9.739746612
4,4,6,6,1,6,4,3,0,6,5,25.639722222,0.385388222,9.881246965
4,4,6,6,1,6,4,3,0,6,7,25.423333333,0.384820111,9.783409958
4,4,6,6,1,6,4,3,0,7,0,25.207222222,0.386286222,9.737202645
4,4,6,6,1,6,4,3,0,7,1,25.674444444,0.386048333,9.911576487
4,4,6,6,1,6,4,3,0,7,2,25.445555556,0.383588833,9.760630969
4,4,6,6,1,6,4,3,0,7,3,25.700555556,0.385729889,9.913472439
4,4,6,6,1,6,4,3,0,7,4,25.638888889,0.383729333,9.838393741
4,4,6,6,1,6,4,3,0,7,5,25.644444444,0.385478000,9.885369156
4,4,6,6,1,6,4,3,0,7,6,25.113333333,0.384175222,9.647920414
4,4,6,6,1,6,4,3,0,7,7,24.994166667,0.384765722,9.616898589
4,4,6,6,1,6,4,3,0,8,0,25.385277778,0.385896333,9.796085615
4,4,6,6,1,6,4,3,0,8,1,25.680833333,0.386018667,9.913281042
4,4,6,6,1,6,4,3,0,8,2,25.108888889,0.383419889,9.627247388
4,4,6,6,1,6,4,3,0,8,3,25.641666667,0.385811944,9.892861275
4,4,6,6,1,6,4,3,0,8,4,25.701666667,0.383915778,9.867275349
4,4,6,6,1,6,4,3,0,8,5,25.506111111,0.385005278,9.819987393
4,4,6,6,1,6,4,3,0,8,6,25.046944444,0.384119000,9.621007253
4,4,6,6,1,6,4,3,0,8,7,25.298611111,0.384750833,9.733661707
4,4,6,6,1,6,4,3,1,1,0,25.280000000,0.385986722,9.757744338
4,4,6,6,1,6,4,3,1,1,1,25.188055556,0.385853500,9.718899394
4,4,6,6,1,6,4,3,1,1,3,25.518611111,0.385972722,9.849487798
4,4,6,6,1,6,4,3,1,1,2,25.108055556,0.383608889,9.631673294
4,4,6,6,1,6,4,3,1,1,5,25.302777778,0.385266167,9.748304200
4,4,6,6,1,6,4,3,1,1,4,25.538333333,0.383669444,9.798278162
4,4,6,6,1,6,4,3,1,1,6,25.215833333,0.384151722,9.686705802
4,4,6,6,1,6,4,3,1,1,7,25.215555556,0.384869000,9.704685651
4,4,6,6,1,6,4,3,1,2,1,25.426388889,0.386028556,9.815312176
4,4,6,6,1,6,4,3,1,2,0,25.469444444,0.385971722,9.830485336
4,4,6,6,1,6,4,3,1,2,2,25.110000000,0.383423722,9.627769665
4,4,6,6,1,6,4,3,1,2,3,25.854444444,0.386139500,9.983422251
4,4,6,6,1,6,4,3,1,2,5,25.368611111,0.385238667,9.772969920
4,4,6,6,1,6,4,3,1,2,4,25.510555556,0.383787000,9.790619585
4,4,6,6,1,6,4,3,1,2,6,25.301944444,0.384493833,9.728441610
4,4,6,6,1,6,4,3,1,2,7,25.128888889,0.384859500,9.671091613
4,4,6,6,1,6,4,3,1,3,1,25.238611111,0.385913611,9.739923553
4,4,6,6,1,6,4,3,1,3,0,25.367777778,0.386172667,9.796342392
4,4,6,6,1,6,4,3,1,3,2,25.253888889,0.383394222,9.682195089
4,4,6,6,1,6,4,3,1,3,3,25.692222222,0.385797556,9.911996530
4,4,6,6,1,6,4,3,1,3,4,25.570833333,0.383796444,9.813994915
4,4,6,6,1,6,4,3,1,3,5,25.290833333,0.385193111,9.741854774
4,4,6,6,1,6,4,3,1,3,6,25.235277778,0.384482333,9.702518482
4,4,6,6,1,6,4,3,1,3,7,25.139166667,0.384851333,9.674841811
4,4,6,6,1,6,4,3,1,4,0,25.383888889,0.386076333,9.800118748
4,4,6,6,1,6,4,3,1,4,1,25.558333333,0.385953556,9.864329624
4,4,6,6,1,6,4,3,1,4,2,25.237500000,0.383486056,9.678229327
4,4,6,6,1,6,4,3,1,4,3,25.529444444,0.385849833,9.850531884
4,4,6,6,1,6,4,3,1,4,5,25.302222222,0.385379611,9.750960560
4,4,6,6,1,6,4,3,1,4,4,25.492222222,0.383896278,9.786369223
4,4,6,6,1,6,4,3,1,4,6,25.316111111,0.384311278,9.729267009
4,4,6,6,1,6,4,3,1,4,7,25.145000000,0.384840222,9.676807388
4,4,6,6,1,6,4,3,1,5,0,25.439722222,0.385717222,9.812538990
4,4,6,6,1,6,4,3,1,5,1,25.678333333,0.385992500,9.911644079
4,4,6,6,1,6,4,3,1,5,2,25.068888889,0.383564056,9.615524690
4,4,6,6,1,6,4,3,1,5,3,25.666666667,0.385719722,9.900139537
4,4,6,6,1,6,4,3,1,5,4,25.569166667,0.383762444,9.812485902
4,4,6,6,1,6,4,3,1,5,5,25.493611111,0.385179667,9.819620630
4,4,6,6,1,6,4,3,1,5,6,25.376111111,0.384263000,9.751100584
4,4,6,6,1,6,4,3,1,5,7,25.235833333,0.384885389,9.712903526
4,4,6,6,1,6,4,3,1,6,0,25.140277778,0.386053444,9.705490830
4,4,6,6,1,6,4,3,1,6,1,25.680833333,0.386054722,9.914206979
4,4,6,6,1,6,4,3,1,6,3,25.632777778,0.385830833,9.889916011
4,4,6,6,1,6,4,3,1,6,2,25.174166667,0.383494056,9.654143270
4,4,6,6,1,6,4,3,1,6,4,25.670555556,0.383749278,9.851057155
4,4,6,6,1,6,4,3,1,6,5,25.430833333,0.385304000,9.798601807
4,4,6,6,1,6,4,3,1,6,6,25.314444444,0.384364167,9.729965344
4,4,6,6,1,6,4,3,1,6,7,25.456666667,0.384752500,9.794516142
4,4,6,6,1,6,4,3,1,7,0,25.435000000,0.385897889,9.815312804
4,4,6,6,1,6,4,3,1,7,1,25.506666667,0.386033667,9.846432058
4,4,6,6,1,6,4,3,1,7,2,25.032777778,0.383459778,9.599063404
4,4,6,6,1,6,4,3,1,7,3,25.600555556,0.385884444,9.878856158
4,4,6,6,1,6,4,3,1,7,4,25.646111111,0.383805111,9.843108525
4,4,6,6,1,6,4,3,1,7,5,25.464722222,0.385375056,9.813468741
4,4,6,6,1,6,4,3,1,7,7,24.961388889,0.384804889,9.605264478
4,4,6,6,1,6,4,3,1,7,6,25.313888889,0.384352000,9.729443822
4,4,6,6,1,6,4,3,1,8,0,25.431666667,0.385910389,9.814344373
4,4,6,6,1,6,4,3,1,8,1,25.601944444,0.386006000,9.882504167
4,4,6,6,1,6,4,3,1,8,3,25.544444444,0.385688944,9.852209814
4,4,6,6,1,6,4,3,1,8,2,25.460555556,0.383567889,9.765851544
4,4,6,6,1,6,4,3,1,8,4,25.714722222,0.383673500,9.866057477
4,4,6,6,1,6,4,3,1,8,5,25.611111111,0.385326611,9.868642651
4,4,6,6,1,6,4,3,1,8,6,25.493611111,0.384144167,9.793221996
4,4,6,6,1,6,4,3,1,8,7,24.988333333,0.384736944,9.613935013
4,4,6,6,1,6,4,3,2,1,0,25.228055556,0.386068000,9.739744952
4,4,6,6,1,6,4,3,2,1,1,25.340555556,0.386031889,9.782262527
4,4,6,6,1,6,4,3,2,1,3,25.510555556,0.385744000,9.840543742
4,4,6,6,1,6,4,3,2,1,2,25.351388889,0.383385389,9.719352088
4,4,6,6,1,6,4,3,2,1,4,25.607777778,0.383767611,9.827435704
4,4,6,6,1,6,4,3,2,1,5,25.434722222,0.385473333,9.804407157
4,4,6,6,1,6,4,3,2,1,6,25.314722222,0.384174222,9.725263720
4,4,6,6,1,6,4,3,2,1,7,25.036666667,0.384686389,9.631264890
4,4,6,6,1,6,4,3,2,2,0,25.292222222,0.386015944,9.763201048
4,4,6,6,1,6,4,3,2,2,1,25.420277778,0.385960389,9.811220297
4,4,6,6,1,6,4,3,2,2,2,25.489722222,0.383470833,9.774565022
4,4,6,6,1,6,4,3,2,2,3,25.514444444,0.385596222,9.838273390
4,4,6,6,1,6,4,3,2,2,4,25.600000000,0.383821778,9.825837511
4,4,6,6,1,6,4,3,2,2,5,25.573888889,0.385325278,9.854265840
4,4,6,6,1,6,4,3,2,2,7,25.045000000,0.384691333,9.634594443
4,4,6,6,1,6,4,3,2,2,6,25.388055556,0.384355778,9.758045839
4,4,6,6,1,6,4,3,2,3,0,25.201388889,0.386161111,9.731796335
4,4,6,6,1,6,4,3,2,3,2,25.234444444,0.383463111,9.676478574
4,4,6,6,1,6,4,3,2,3,3,25.457777778,0.385875333,9.823528486
4,4,6,6,1,6,4,3,2,3,1,25.656111111,0.385900278,9.900700404
4,4,6,6,1,6,4,3,2,3,4,25.502777778,0.383841722,9.789030144
4,4,6,6,1,6,4,3,2,3,5,25.459444444,0.385349056,9.810772872
4,4,6,6,1,6,4,3,2,3,6,25.312500000,0.384431611,9.730925156
4,4,6,6,1,6,4,3,2,3,7,25.242777778,0.384888556,9.715656277
4,4,6,6,1,6,4,3,2,4,0,25.357777778,0.385970667,9.787358394
4,4,6,6,1,6,4,3,2,4,1,25.335277778,0.385957889,9.778350326
4,4,6,6,1,6,4,3,2,4,2,25.244722222,0.383451444,9.680125201
4,4,6,6,1,6,4,3,2,4,3,25.676944444,0.385629611,9.901790101
4,4,6,6,1,6,4,3,2,4,4,25.500000000,0.383605722,9.781945917
4,4,6,6,1,6,4,3,2,4,5,25.442777778,0.385136222,9.798935316
4,4,6,6,1,6,4,3,2,4,6,25.518333333,0.384399111,9.809224650
4,4,6,6,1,6,4,3,2,4,7,25.414166667,0.384636944,9.775227412
4,4,6,6,1,6,4,3,2,5,0,25.300000000,0.386141167,9.769371517
4,4,6,6,1,6,4,3,2,5,2,25.395555556,0.383667278,9.743443668
4,4,6,6,1,6,4,3,2,5,1,25.461111111,0.386058444,9.829476949
4,4,6,6,1,6,4,3,2,5,3,25.665000000,0.385879611,9.903600219
4,4,6,6,1,6,4,3,2,5,4,25.706944444,0.383858611,9.867831990
4,4,6,6,1,6,4,3,2,5,6,25.335833333,0.384437111,9.740034574
4,4,6,6,1,6,4,3,2,5,5,25.593888889,0.385216389,9.859185455
4,4,6,6,1,6,4,3,2,5,7,25.385277778,0.384694000,9.765564049
4,4,6,6,1,6,4,3,2,6,0,25.301944444,0.386132944,9.769914309
4,4,6,6,1,6,4,3,2,6,1,25.166111111,0.385788111,9.708786470
4,4,6,6,1,6,4,3,2,6,2,25.262222222,0.383644167,9.691704193
4,4,6,6,1,6,4,3,2,6,3,25.691666667,0.385706944,9.909454248
4,4,6,6,1,6,4,3,2,6,4,25.613333333,0.383745167,9.828992869
4,4,6,6,1,6,4,3,2,6,5,25.636666667,0.385312444,9.878126701
4,4,6,6,1,6,4,3,2,6,6,25.332777778,0.384164611,9.731956723
4,4,6,6,1,6,4,3,2,6,7,25.430277778,0.384808667,9.785791285
4,4,6,6,1,6,4,3,2,7,0,25.409444444,0.385984833,9.807660179
4,4,6,6,1,6,4,3,2,7,1,25.541944444,0.386034500,9.860071753
4,4,6,6,1,6,4,3,2,7,2,25.211111111,0.383600722,9.671000430
4,4,6,6,1,6,4,3,2,7,3,25.584166667,0.385847833,9.871595276
4,4,6,6,1,6,4,3,2,7,4,25.656111111,0.383872056,9.848664110
4,4,6,6,1,6,4,3,2,7,5,25.205555556,0.385197778,9.709123988
4,4,6,6,1,6,4,3,2,7,6,25.448055556,0.384137389,9.775549613
4,4,6,6,1,6,4,3,2,7,7,25.007500000,0.384707556,9.620574196
4,4,6,6,1,6,4,3,2,8,0,25.255555556,0.385891333,9.745900007
4,4,6,6,1,6,4,3,2,8,1,25.598055556,0.386122778,9.883992317
4,4,6,6,1,6,4,3,2,8,2,24.985000000,0.383325944,9.577398722
4,4,6,6,1,6,4,3,2,8,3,25.687777778,0.385763722,9.909412771
4,4,6,6,1,6,4,3,2,8,4,25.321388889,0.383579278,9.712760062
4,4,6,6,1,6,4,3,2,8,5,25.541111111,0.385347111,9.842193381
4,4,6,6,1,6,4,3,2,8,6,25.414722222,0.384392111,9.769218728
4,4,6,6,1,6,4,3,2,8,7,24.946944444,0.384777500,9.599022916
4,4,6,6,1,6,4,3,3,1,0,25.312500000,0.385987500,9.770308594
4,4,6,6,1,6,4,3,3,1,1,25.643888889,0.385902833,9.896049380
4,4,6,6,1,6,4,3,3,1,3,25.584444444,0.385672722,9.867222335
4,4,6,6,1,6,4,3,3,1,2,25.271111111,0.383575722,9.693384696
4,4,6,6,1,6,4,3,3,1,4,25.547222222,0.383898222,9.807533194
4,4,6,6,1,6,4,3,3,1,5,25.324722222,0.385254667,9.756467418
4,4,6,6,1,6,4,3,3,1,6,25.210277778,0.384382389,9.690386797
4,4,6,6,1,6,4,3,3,1,7,25.123611111,0.384814000,9.667917286
4,4,6,6,1,6,4,3,3,2,0,25.139166667,0.386033333,9.704556306
4,4,6,6,1,6,4,3,3,2,1,25.568055556,0.386001333,9.869303535
4,4,6,6,1,6,4,3,3,2,2,25.272777778,0.383574667,9.693997312
4,4,6,6,1,6,4,3,3,2,3,25.549722222,0.385832056,9.857901844
4,4,6,6,1,6,4,3,3,2,4,25.609722222,0.383863944,9.830648988
4,4,6,6,1,6,4,3,3,2,5,25.351666667,0.385456944,9.771975970
4,4,6,6,1,6,4,3,3,2,6,25.358888889,0.384386722,9.747620179
4,4,6,6,1,6,4,3,3,2,7,25.220277778,0.384916056,9.707689842
4,4,6,6,1,6,4,3,3,3,0,25.303333333,0.386049667,9.768343399
4,4,6,6,1,6,4,3,3,3,1,25.373333333,0.385953500,9.792926807
4,4,6,6,1,6,4,3,3,3,2,25.161666667,0.383590111,9.651766512
4,4,6,6,1,6,4,3,3,3,3,25.470000000,0.385734833,9.824666205
4,4,6,6,1,6,4,3,3,3,4,25.577222222,0.383762889,9.815588690
4,4,6,6,1,6,4,3,3,3,5,25.292777778,0.385358222,9.746779880
4,4,6,6,1,6,4,3,3,3,7,25.212222222,0.384719111,9.699623722
4,4,6,6,1,6,4,3,3,3,6,25.470000000,0.384486944,9.792882475
4,4,6,6,1,6,4,3,3,4,0,25.317222222,0.386051778,9.773758647
4,4,6,6,1,6,4,3,3,4,1,25.577222222,0.386173111,9.877235479
4,4,6,6,1,6,4,3,3,4,2,24.986666667,0.383485167,9.582016031
4,4,6,6,1,6,4,3,3,4,3,25.666111111,0.385746056,9.900601123
4,4,6,6,1,6,4,3,3,4,4,25.613333333,0.383780278,9.829892181
4,4,6,6,1,6,4,3,3,4,5,25.535277778,0.385261722,9.837765094
4,4,6,6,1,6,4,3,3,4,6,25.234444444,0.384449778,9.701376559
4,4,6,6,1,6,4,3,3,4,7,25.335555556,0.384881778,9.751193663
4,4,6,6,1,6,4,3,3,5,0,25.456111111,0.386115889,9.829008969
4,4,6,6,1,6,4,3,3,5,1,25.551111111,0.386015056,9.863113575
4,4,6,6,1,6,4,3,3,5,2,25.334722222,0.383655000,9.719792854
4,4,6,6,1,6,4,3,3,5,3,25.720833333,0.385888278,9.925368078
4,4,6,6,1,6,4,3,3,5,4,25.804166667,0.383781278,9.903156055
4,4,6,6,1,6,4,3,3,5,5,25.370555556,0.385370778,9.777070727
4,4,6,6,1,6,4,3,3,5,6,25.237222222,0.384447833,9.702395403
4,4,6,6,1,6,4,3,3,5,7,25.336111111,0.384728556,9.747525431
4,4,6,6,1,6,4,3,3,6,0,25.376666667,0.386067611,9.797109078
4,4,6,6,1,6,4,3,3,6,1,25.590277778,0.386027111,9.878541003
4,4,6,6,1,6,4,3,3,6,2,25.281111111,0.383691944,9.700158680
4,4,6,6,1,6,4,3,3,6,3,25.736388889,0.385690611,9.926283558
4,4,6,6,1,6,4,3,3,6,4,25.593611111,0.383831889,9.823644096
4,4,6,6,1,6,4,3,3,6,5,25.451666667,0.385544778,9.812757169
4,4,6,6,1,6,4,3,3,6,6,25.110555556,0.384242556,9.648544038
4,4,6,6,1,6,4,3,3,6,7,24.980555556,0.384780722,9.612036208
4,4,6,6,1,6,4,3,3,7,0,25.249722222,0.386062333,9.747966677
4,4,6,6,1,6,4,3,3,7,1,25.341944444,0.385876056,9.778849562
4,4,6,6,1,6,4,3,3,7,2,25.341111111,0.383547611,9.719522630
4,4,6,6,1,6,4,3,3,7,3,25.703333333,0.385752000,9.915112240
4,4,6,6,1,6,4,3,3,7,4,25.565000000,0.383673278,9.808607346
4,4,6,6,1,6,4,3,3,7,5,25.566944444,0.385184333,9.847986451
4,4,6,6,1,6,4,3,3,7,6,25.140833333,0.384457833,9.665590312
4,4,6,6,1,6,4,3,3,7,7,25.015555556,0.384833944,9.626834917
4,4,6,6,1,6,4,3,3,8,0,25.341944444,0.385946667,9.780638985
4,4,6,6,1,6,4,3,3,8,1,25.663333333,0.386059556,9.907575061
4,4,6,6,1,6,4,3,3,8,2,25.458055556,0.383673222,9.767574207
4,4,6,6,1,6,4,3,3,8,3,25.729444444,0.385820278,9.926941403
4,4,6,6,1,6,4,3,3,8,4,25.304166667,0.383513389,9.704486711
4,4,6,6,1,6,4,3,3,8,5,25.678333333,0.385287611,9.893543707
4,4,6,6,1,6,4,3,3,8,6,25.453611111,0.384295667,9.781712451
4,4,6,6,1,6,4,3,3,8,7,25.009444444,0.384789111,9.623361897
4,4,6,6,1,6,4,3,4,1,0,25.565833333,0.386015778,9.868815039
4,4,6,6,1,6,4,3,4,1,1,25.347500000,0.386122222,9.787233028
4,4,6,6,1,6,4,3,4,1,2,25.110000000,0.383678667,9.634171320
4,4,6,6,1,6,4,3,4,1,4,25.483888889,0.383827167,9.781408868
4,4,6,6,1,6,4,3,4,1,3,25.864722222,0.385705889,9.976175676
4,4,6,6,1,6,4,3,4,1,5,25.371666667,0.385454500,9.779623089
4,4,6,6,1,6,4,3,4,1,6,25.279444444,0.384478444,9.719401476
4,4,6,6,1,6,4,3,4,1,7,25.146666667,0.384812333,9.676747476
4,4,6,6,1,6,4,3,4,2,0,25.294444444,0.386025444,9.764299159
4,4,6,6,1,6,4,3,4,2,2,25.034444444,0.383781444,9.607755250
4,4,6,6,1,6,4,3,4,2,1,25.361388889,0.386123444,9.792626834
4,4,6,6,1,6,4,3,4,2,3,25.453888889,0.385708278,9.817775646
4,4,6,6,1,6,4,3,4,2,4,25.570277778,0.383993611,9.818823301
4,4,6,6,1,6,4,3,4,2,5,25.643888889,0.385307333,9.880778444
4,4,6,6,1,6,4,3,4,2,7,25.181666667,0.384747667,9.688587493
4,4,6,6,1,6,4,3,4,2,6,25.460277778,0.384492556,9.789287268
4,4,6,6,1,6,4,3,4,3,0,25.267777778,0.385981111,9.752884942
4,4,6,6,1,6,4,3,4,3,1,25.370277778,0.385993278,9.792756678
4,4,6,6,1,6,4,3,4,3,3,25.530833333,0.386063611,9.856525711
4,4,6,6,1,6,4,3,4,3,2,25.167777778,0.383384556,9.648937298
4,4,6,6,1,6,4,3,4,3,4,25.608333333,0.383721556,9.826469502
4,4,6,6,1,6,4,3,4,3,5,25.182777778,0.385360333,9.704443639
4,4,6,6,1,6,4,3,4,3,6,25.259166667,0.384397000,9.709547889
4,4,6,6,1,6,4,3,4,3,7,24.979722222,0.384722167,9.610252856
4,4,6,6,1,6,4,3,4,4,0,25.361111111,0.386090167,9.791675616
4,4,6,6,1,6,4,3,4,4,1,25.447500000,0.386011444,9.823026233
4,4,6,6,1,6,4,3,4,4,2,25.090833333,0.383607389,9.625029060
4,4,6,6,1,6,4,3,4,4,3,25.486666667,0.385755278,9.831616180
4,4,6,6,1,6,4,3,4,4,4,25.585277778,0.383798833,9.819599762
4,4,6,6,1,6,4,3,4,4,5,25.333055556,0.385359278,9.762327993
4,4,6,6,1,6,4,3,4,4,6,25.285555556,0.384413556,9.720110315
4,4,6,6,1,6,4,3,4,4,7,25.428611111,0.384787667,9.784615936
4,4,6,6,1,6,4,3,4,5,0,25.135833333,0.385988111,9.702132830
4,4,6,6,1,6,4,3,4,5,1,25.196944444,0.386078611,9.728001315
4,4,6,6,1,6,4,3,4,5,2,25.322222222,0.383640611,9.714632808
4,4,6,6,1,6,4,3,4,5,3,25.595000000,0.385884889,9.876723731
4,4,6,6,1,6,4,3,4,5,4,25.616111111,0.384008278,9.836798711
4,4,6,6,1,6,4,3,4,5,5,25.334722222,0.385065500,9.755527480
4,4,6,6,1,6,4,3,4,5,6,25.370555556,0.384308722,9.750125788
4,4,6,6,1,6,4,3,4,5,7,25.229444444,0.385014722,9.713707545
4,4,6,6,1,6,4,3,4,6,0,25.383055556,0.386215167,9.803321032
4,4,6,6,1,6,4,3,4,6,1,25.604722222,0.386152944,9.887338878
4,4,6,6,1,6,4,3,4,6,3,25.635555556,0.385828000,9.890915129
4,4,6,6,1,6,4,3,4,6,2,25.255555556,0.383808889,9.693306716
4,4,6,6,1,6,4,3,4,6,4,25.531111111,0.383743167,9.797389426
4,4,6,6,1,6,4,3,4,6,5,25.505000000,0.385432389,9.830453079
4,4,6,6,1,6,4,3,4,6,6,25.235555556,0.384445278,9.701690165
4,4,6,6,1,6,4,3,4,6,7,25.031388889,0.384725111,9.630203872
4,4,6,6,1,6,4,3,4,7,0,25.360000000,0.386124278,9.792111684
4,4,6,6,1,6,4,3,4,7,1,25.525555556,0.385898000,9.850260838
4,4,6,6,1,6,4,3,4,7,3,25.618055556,0.385780556,9.882947704
4,4,6,6,1,6,4,3,4,7,2,25.303055556,0.383558000,9.705189383
4,4,6,6,1,6,4,3,4,7,4,25.616666667,0.383856944,9.833135394
4,4,6,6,1,6,4,3,4,7,5,25.468611111,0.385294889,9.812925688
4,4,6,6,1,6,4,3,4,7,6,25.403888889,0.384504111,9.767899716
4,4,6,6,1,6,4,3,4,7,7,25.447777778,0.385059278,9.798902932
4,4,6,6,1,6,4,3,4,8,0,25.556388889,0.385788167,9.859352416
4,4,6,6,1,6,4,3,4,8,1,25.439444444,0.385943556,9.818189640
4,4,6,6,1,6,4,3,4,8,2,25.404444444,0.383652222,9.746471565
4,4,6,6,1,6,4,3,4,8,3,25.630277778,0.386079333,9.895320558
4,4,6,6,1,6,4,3,4,8,4,25.571944444,0.383985278,9.819250191
4,4,6,6,1,6,4,3,4,8,5,25.528055556,0.385442667,9.839601808
4,4,6,6,1,7,4,3,0,1,0,25.495555556,0.386319889,9.849440189
4,4,6,6,1,7,4,3,0,1,1,25.303888889,0.385898111,9.764722926
4,4,6,6,1,7,4,3,0,1,2,25.359166667,0.383713111,9.730644737
4,4,6,6,1,6,4,3,4,8,7,25.032500000,0.384723389,9.630588232
4,4,6,6,1,7,4,3,0,1,3,25.689722222,0.385827778,9.911808437
4,4,6,6,1,6,4,3,4,8,6,25.473055556,0.384692833,9.799301915
4,4,6,6,1,7,4,3,0,1,4,25.638611111,0.908972111,23.304782468
4,4,6,6,1,7,4,3,0,1,5,25.310833333,0.385296500,9.752175495
4,4,6,6,1,7,4,3,0,1,6,25.338888889,0.384372333,9.739567846
4,4,6,6,1,7,4,3,0,1,7,25.180833333,0.384782778,9.689150997
4,4,6,6,1,7,4,3,0,2,0,25.105277778,0.386063222,9.692224434
4,4,6,6,1,7,4,3,0,2,1,25.353333333,0.385941944,9.784914765
4,4,6,6,1,7,4,3,0,2,2,25.010833333,0.383607667,9.594347416
4,4,6,6,1,7,4,3,0,2,3,25.600555556,0.385645333,9.872734781
4,4,6,6,1,7,4,3,0,2,4,25.698611111,0.908309222,23.342285471
4,4,6,6,1,7,4,3,0,2,5,25.321666667,0.385504500,9.761616447
4,4,6,6,1,7,4,3,0,2,6,25.102222222,0.384393111,9.649121296
4,4,6,6,1,7,4,3,0,2,7,25.099444444,0.384879167,9.660253262
4,4,6,6,1,7,4,3,0,3,0,25.422500000,0.386101167,9.815656910
4,4,6,6,1,7,4,3,0,3,1,25.516388889,0.385923444,9.847372690
4,4,6,6,1,7,4,3,0,3,2,25.221388889,0.383710278,9.677706136
4,4,6,6,1,7,4,3,0,3,3,25.594444444,0.385773889,9.873668367
4,4,6,6,1,7,4,3,0,3,4,25.512777778,0.908565556,23.180031115
4,4,6,6,1,7,4,3,0,3,5,25.350833333,0.385337278,9.768621106
4,4,6,6,1,7,4,3,0,3,6,25.371944444,0.384234500,9.748776388
4,4,6,6,1,7,4,3,0,3,7,25.235833333,0.384738444,9.709195261
4,4,6,6,1,7,4,3,0,4,1,25.310277778,0.385823722,9.765305583
4,4,6,6,1,7,4,3,0,4,0,25.324166667,0.386122556,9.778231951
4,4,6,6,1,7,4,3,0,4,2,25.275000000,0.383692111,9.697818108
4,4,6,6,1,7,4,3,0,4,3,25.646111111,0.385562222,9.888171591
4,4,6,6,1,7,4,3,0,4,4,25.563333333,0.907512556,23.199045962
4,4,6,6,1,7,4,3,0,4,5,25.295833333,0.385423278,9.749602997
4,4,6,6,1,7,4,3,0,4,6,25.214166667,0.384293167,9.689631953
4,4,6,6,1,7,4,3,0,4,7,25.274444444,0.384907222,9.728316204
4,4,6,6,1,7,4,3,0,5,0,25.133055556,0.385954278,9.700210305
4,4,6,6,1,7,4,3,0,5,1,25.510833333,0.386126667,9.850413039
4,4,6,6,1,7,4,3,0,5,2,25.198055556,0.383627167,9.666658658
4,4,6,6,1,7,4,3,0,5,3,25.655000000,0.385519056,9.890491370
4,4,6,6,1,7,4,3,0,5,4,25.671388889,0.908021889,23.310183029
4,4,6,6,1,7,4,3,0,5,5,25.448888889,0.385493167,9.810372766
4,4,6,6,1,7,4,3,0,5,6,25.217500000,0.384381944,9.693151684
4,4,6,6,1,7,4,3,0,5,7,25.206111111,0.384895611,9.701721540
4,4,6,6,1,7,4,3,0,6,0,25.356666667,0.385888333,9.784841839
4,4,6,6,1,7,4,3,0,6,1,25.537500000,0.385970944,9.856732994
4,4,6,6,1,7,4,3,0,6,2,25.182500000,0.383710778,9.662796661
4,4,6,6,1,7,4,3,0,6,3,25.723055556,0.385765611,9.923070246
4,4,6,6,1,7,4,3,0,6,4,25.290555556,0.383703278,9.704069063
4,4,6,6,1,7,4,3,0,6,5,25.639722222,0.385439167,9.882553167
4,4,6,6,1,7,4,3,0,6,6,25.343888889,0.384356056,9.741077166
4,4,6,6,1,7,4,3,0,6,7,25.423333333,0.384843111,9.783994695
4,4,6,6,1,7,4,3,0,7,0,25.207222222,0.386294500,9.737411305
4,4,6,6,1,7,4,3,0,7,1,25.674444444,0.386035000,9.911234161
4,4,6,6,1,7,4,3,0,7,2,25.445555556,0.383621389,9.761459363
4,4,6,6,1,7,4,3,0,7,3,25.700555556,0.385676500,9.912100315
4,4,6,6,1,7,4,3,0,7,4,25.638888889,0.383781278,9.839725539
4,4,6,6,1,7,4,3,0,7,5,25.644444444,0.385532333,9.886762504
4,4,6,6,1,7,4,3,0,7,6,25.113333333,0.384232222,9.649351874
4,4,6,6,1,7,4,3,0,7,7,24.994166667,0.384805778,9.617899744
4,4,6,6,1,7,4,3,0,8,0,25.385277778,0.385893444,9.796012280
4,4,6,6,1,7,4,3,0,8,1,25.680833333,0.386012833,9.913131237
4,4,6,6,1,7,4,3,0,8,2,25.108888889,0.383466722,9.628423321
4,4,6,6,1,7,4,3,0,8,3,25.641666667,0.385769500,9.891772929
4,4,6,6,1,7,4,3,0,8,5,25.506111111,0.385054556,9.821244278
4,4,6,6,1,7,4,3,0,8,4,25.607777778,0.473545167,12.126439396
4,4,6,6,1,7,4,3,0,8,6,25.046944444,0.384164889,9.622156630
4,4,6,6,1,7,4,3,0,8,7,25.298611111,0.384773333,9.734230926
4,4,6,6,1,7,4,3,1,1,0,25.280000000,0.386012556,9.758397404
4,4,6,6,1,7,4,3,1,1,1,25.188055556,0.385837444,9.718494986
4,4,6,6,1,7,4,3,1,1,2,25.108055556,0.383651000,9.632730622
4,4,6,6,1,7,4,3,1,1,3,25.518611111,0.385957778,9.849106436
4,4,6,6,1,7,4,3,1,1,4,25.538888889,0.908641444,23.205692890
4,4,6,6,1,7,4,3,1,1,5,25.302777778,0.385316111,9.749567934
4,4,6,6,1,7,4,3,1,1,6,25.215833333,0.384226333,9.688587184
4,4,6,6,1,7,4,3,1,1,7,25.215555556,0.384898000,9.705416902
4,4,6,6,1,7,4,3,1,2,1,25.426388889,0.386034222,9.815456259
4,4,6,6,1,7,4,3,1,2,0,25.469444444,0.385982111,9.830749935
4,4,6,6,1,7,4,3,1,2,2,25.110000000,0.383462500,9.628743375
4,4,6,6,1,7,4,3,1,2,3,25.854444444,0.386101389,9.982436909
4,4,6,6,1,7,4,3,1,2,4,25.560833333,0.908556056,23.223449910
4,4,6,6,1,7,4,3,1,2,5,25.368611111,0.385288611,9.774236941
4,4,6,6,1,7,4,3,1,2,7,25.128888889,0.384895111,9.671986481
4,4,6,6,1,7,4,3,1,2,6,25.301944444,0.384541167,9.729639236
4,4,6,6,1,7,4,3,1,3,1,25.238611111,0.385915444,9.739969824
4,4,6,6,1,7,4,3,1,3,0,25.367777778,0.386180667,9.796545334
4,4,6,6,1,7,4,3,1,3,2,25.253888889,0.383453722,9.683697695
4,4,6,6,1,7,4,3,1,3,3,25.692222222,0.385762000,9.911083029
4,4,6,6,1,7,4,3,1,3,5,25.290833333,0.385231000,9.742813016
4,4,6,6,1,7,4,3,1,3,4,25.687777778,0.861007444,22.117367898
4,4,6,6,1,7,4,3,1,3,6,25.235277778,0.384524444,9.703581168
4,4,6,6,1,7,4,3,1,3,7,25.139166667,0.384876444,9.675473083
4,4,6,6,1,7,4,3,1,4,0,25.383888889,0.386114389,9.801084746
4,4,6,6,1,7,4,3,1,4,2,25.237500000,0.383553667,9.679935663
4,4,6,6,1,7,4,3,1,4,1,25.558333333,0.385948500,9.864200413
4,4,6,6,1,7,4,3,1,4,3,25.529444444,0.385833056,9.850103557
4,4,6,6,1,7,4,3,1,4,4,25.540555556,0.860898611,21.987828805
4,4,6,6,1,7,4,3,1,4,5,25.302222222,0.385430500,9.752248162
4,4,6,6,1,7,4,3,1,4,6,25.316111111,0.384350667,9.730264183
4,4,6,6,1,7,4,3,1,4,7,25.145000000,0.384877556,9.677746134
4,4,6,6,1,7,4,3,1,5,2,25.068888889,0.383602444,9.616487057
4,4,6,6,1,7,4,3,1,5,0,25.439722222,0.385742611,9.813184876
4,4,6,6,1,7,4,3,1,5,1,25.678333333,0.385991000,9.911605562
4,4,6,6,1,7,4,3,1,5,3,25.666666667,0.385702278,9.899691796
4,4,6,6,1,7,4,3,1,5,4,25.413333333,0.906158778,23.028515073
4,4,6,6,1,7,4,3,1,5,6,25.376111111,0.384303278,9.752122677
4,4,6,6,1,7,4,3,1,5,5,25.493611111,0.385228333,9.820861319
4,4,6,6,1,7,4,3,1,5,7,25.235833333,0.384913333,9.713608728
4,4,6,6,1,7,4,3,1,6,0,25.140277778,0.386058778,9.705624912
4,4,6,6,1,7,4,3,1,6,2,25.174166667,0.383520833,9.654817378
4,4,6,6,1,7,4,3,1,6,3,25.632777778,0.385795556,9.889011743
4,4,6,6,1,7,4,3,1,6,1,25.680833333,0.386046111,9.913985838
4,4,6,6,1,7,4,3,1,6,4,25.591666667,0.859508500,21.996255029
4,4,6,6,1,7,4,3,1,6,6,25.314444444,0.384409778,9.731119963
4,4,6,6,1,7,4,3,1,6,5,25.430833333,0.385332444,9.799325173
4,4,6,6,1,7,4,3,1,6,7,25.456666667,0.384785611,9.795359040
4,4,6,6,1,7,4,3,1,7,0,25.435000000,0.385930556,9.816143681
4,4,6,6,1,7,4,3,1,7,2,25.032777778,0.383512222,9.600376234
4,4,6,6,1,7,4,3,1,7,1,25.506666667,0.386020222,9.846089135
4,4,6,6,1,7,4,3,1,7,3,25.600555556,0.385850278,9.877981472
4,4,6,6,1,7,4,3,1,7,4,25.650277778,0.763227778,19.577004508
4,4,6,6,1,7,4,3,1,7,5,25.464722222,0.385390556,9.813863444
4,4,6,6,1,7,4,3,1,7,6,25.313888889,0.384411389,9.730947186
4,4,6,6,1,7,4,3,1,7,7,24.961388889,0.384856278,9.606547216
4,4,6,6,1,7,4,3,1,8,0,25.431666667,0.385939667,9.815088956
4,4,6,6,1,7,4,3,1,8,1,25.601944444,0.385993556,9.882185565
4,4,6,6,1,7,4,3,1,8,2,25.460555556,0.383614833,9.767046776
4,4,6,6,1,7,4,3,1,8,3,25.544444444,0.385651722,9.851258993
4,4,6,6,1,7,4,3,1,8,4,25.457777778,0.473786000,12.061538702
4,4,6,6,1,7,4,3,1,8,5,25.611111111,0.385335333,9.868866037
4,4,6,6,1,7,4,3,1,8,7,24.988333333,0.384786611,9.615176101
4,4,6,6,1,7,4,3,1,8,6,25.493611111,0.384188500,9.794352212
4,4,6,6,1,7,4,3,2,1,0,25.228055556,0.386067944,9.739743551
4,4,6,6,1,7,4,3,2,1,1,25.340555556,0.386047056,9.782646858
4,4,6,6,1,7,4,3,2,1,3,25.510555556,0.385731222,9.840217774
4,4,6,6,1,7,4,3,2,1,2,25.351388889,0.383436000,9.720635150
4,4,6,6,1,7,4,3,2,1,4,25.554166667,0.671492889,17.159441198
4,4,6,6,1,7,4,3,2,1,5,25.434722222,0.385512611,9.805406177
4,4,6,6,1,7,4,3,2,1,7,25.036666667,0.384728722,9.632324775
4,4,6,6,1,7,4,3,2,1,6,25.314722222,0.384220000,9.726422572
4,4,6,6,1,7,4,3,2,2,0,25.292222222,0.386022611,9.763369663
4,4,6,6,1,7,4,3,2,2,1,25.420277778,0.385968389,9.811423659
4,4,6,6,1,7,4,3,2,2,3,25.514444444,0.385557278,9.837279744
4,4,6,6,1,7,4,3,2,2,2,25.489722222,0.383521000,9.775843756
4,4,6,6,1,7,4,3,2,2,4,25.572500000,0.908512333,23.232931644
4,4,6,6,1,7,4,3,2,2,6,25.388055556,0.384396778,9.759086750
4,4,6,6,1,7,4,3,2,2,5,25.573888889,0.385364556,9.855270325
4,4,6,6,1,7,4,3,2,2,7,25.045000000,0.384725000,9.635437625
4,4,6,6,1,7,4,3,2,3,0,25.201388889,0.386165389,9.731904141
4,4,6,6,1,7,4,3,2,3,1,25.656111111,0.385911833,9.900996875
4,4,6,6,1,7,4,3,2,3,3,25.457777778,0.385837389,9.822562505
4,4,6,6,1,7,4,3,2,3,2,25.234444444,0.383512667,9.677729081
4,4,6,6,1,7,4,3,2,3,4,25.490000000,0.907969333,23.144138307
4,4,6,6,1,7,4,3,2,3,5,25.459444444,0.385383389,9.811646979
4,4,6,6,1,7,4,3,2,3,6,25.312500000,0.384489056,9.732379219
4,4,6,6,1,7,4,3,2,3,7,25.242777778,0.384918000,9.716399537
4,4,6,6,1,7,4,3,2,4,0,25.357777778,0.385992056,9.787900769
4,4,6,6,1,7,4,3,2,4,1,25.335277778,0.385967111,9.778583973
4,4,6,6,1,7,4,3,2,4,3,25.676944444,0.385585333,9.900653183
4,4,6,6,1,7,4,3,2,4,2,25.244722222,0.383513444,9.681690373
4,4,6,6,1,7,4,3,2,4,4,25.585277778,0.907840833,23.227359899
4,4,6,6,1,7,4,3,2,4,5,25.442777778,0.385185889,9.800198974
4,4,6,6,1,7,4,3,2,4,6,25.518333333,0.384451111,9.810551604
4,4,6,6,1,7,4,3,2,4,7,25.414166667,0.384661278,9.775845824
4,4,6,6,1,7,4,3,2,5,0,25.300000000,0.386152056,9.769647006
4,4,6,6,1,7,4,3,2,5,1,25.461111111,0.386061833,9.829563234
4,4,6,6,1,7,4,3,2,5,3,25.665000000,0.385849111,9.902817437
4,4,6,6,1,7,4,3,2,5,2,25.395555556,0.383722444,9.744844656
4,4,6,6,1,7,4,3,2,5,4,25.547777778,0.859127500,21.948798453
4,4,6,6,1,7,4,3,2,5,6,25.335833333,0.384486667,9.741290106
4,4,6,6,1,7,4,3,2,5,5,25.593888889,0.385281167,9.860843371
4,4,6,6,1,7,4,3,2,5,7,25.385277778,0.384714778,9.766091499
4,4,6,6,1,7,4,3,2,6,0,25.301944444,0.386156778,9.770517338
4,4,6,6,1,7,4,3,2,6,1,25.166111111,0.385791000,9.708859172
4,4,6,6,1,7,4,3,2,6,2,25.262222222,0.383688667,9.692828361
4,4,6,6,1,7,4,3,2,6,3,25.691666667,0.385683389,9.908849066
4,4,6,6,1,7,4,3,2,6,4,25.539444444,0.905760889,23.132629902
4,4,6,6,1,7,4,3,2,6,5,25.636666667,0.385340500,9.878845952
4,4,6,6,1,7,4,3,2,6,6,25.332777778,0.384199611,9.732843371
4,4,6,6,1,7,4,3,2,6,7,25.430277778,0.384852444,9.786904566
4,4,6,6,1,7,4,3,2,7,0,25.409444444,0.385991944,9.807840868
4,4,6,6,1,7,4,3,2,7,1,25.541944444,0.386049000,9.860442111
4,4,6,6,1,7,4,3,2,7,2,25.211111111,0.383654333,9.672352026
4,4,6,6,1,7,4,3,2,7,3,25.584166667,0.385818056,9.870833436
4,4,6,6,1,7,4,3,2,7,4,25.513611111,0.810479611,20.678261611
4,4,6,6,1,7,4,3,2,7,5,25.205555556,0.385240333,9.710196624
4,4,6,6,1,7,4,3,2,7,6,25.448055556,0.384177222,9.776563294
4,4,6,6,1,7,4,3,2,7,7,25.007500000,0.384732889,9.621207719
4,4,6,6,1,7,4,3,2,8,0,25.255555556,0.385896667,9.746034704
4,4,6,6,1,7,4,3,2,8,1,25.598055556,0.386126111,9.884077644
4,4,6,6,1,7,4,3,2,8,2,24.985000000,0.383379611,9.578739584
4,4,6,6,1,7,4,3,2,8,3,25.687777778,0.385735500,9.908687805
4,4,6,6,1,7,4,3,2,8,4,25.624166667,0.473528444,12.133771782
4,4,6,6,1,7,4,3,2,8,5,25.541111111,0.385391389,9.843324285
4,4,6,6,1,7,4,3,2,8,6,25.414722222,0.384465167,9.771075415
4,4,6,6,1,7,4,3,2,8,7,24.946944444,0.384818222,9.600038811
4,4,6,6,1,7,4,3,3,1,0,25.312500000,0.386009833,9.770873906
4,4,6,6,1,7,4,3,3,1,3,25.584444444,0.385633222,9.866211750
4,4,6,6,1,7,4,3,3,1,2,25.271111111,0.383620556,9.694517684
4,4,6,6,1,7,4,3,3,1,1,25.643888889,0.385903500,9.896066476
4,4,6,6,1,7,4,3,3,1,4,25.428333333,0.861538556,21.907489570
4,4,6,6,1,7,4,3,3,1,5,25.324722222,0.385298333,9.757573264
4,4,6,6,1,7,4,3,3,1,7,25.123611111,0.384855000,9.668947354
4,4,6,6,1,7,4,3,3,1,6,25.210277778,0.384426111,9.691489046
4,4,6,6,1,7,4,3,3,2,0,25.139166667,0.386055667,9.705117747
4,4,6,6,1,7,4,3,3,2,1,25.568055556,0.386002000,9.869320581
4,4,6,6,1,7,4,3,3,2,3,25.549722222,0.385792556,9.856892630
4,4,6,6,1,7,4,3,3,2,2,25.272777778,0.383619500,9.695130375
4,4,6,6,1,7,4,3,3,2,4,25.718888889,0.860769667,22.138039416
4,4,6,6,1,7,4,3,3,2,5,25.351666667,0.385500611,9.773082993
4,4,6,6,1,7,4,3,3,2,7,25.220277778,0.384957056,9.708723874
4,4,6,6,1,7,4,3,3,2,6,25.358888889,0.384430444,9.748728926
4,4,6,6,1,7,4,3,3,3,0,25.303333333,0.386072000,9.768908507
4,4,6,6,1,7,4,3,3,3,3,25.470000000,0.385695333,9.823660140
4,4,6,6,1,7,4,3,3,3,1,25.373333333,0.385950833,9.792859144
4,4,6,6,1,7,4,3,3,3,2,25.161666667,0.383634944,9.652894594
4,4,6,6,1,7,4,3,3,3,4,25.677222222,0.908504667,23.327876216
4,4,6,6,1,7,4,3,3,3,5,25.292777778,0.385405056,9.747964425
4,4,6,6,1,7,4,3,3,3,6,25.470000000,0.384530667,9.793996080
4,4,6,6,1,7,4,3,3,3,7,25.212222222,0.384760111,9.700657424
4,4,6,6,1,7,4,3,3,4,0,25.317222222,0.386074111,9.774324065
4,4,6,6,1,7,4,3,3,4,1,25.577222222,0.386173778,9.877252531
4,4,6,6,1,7,4,3,3,4,2,24.986666667,0.383530000,9.583136267
4,4,6,6,1,7,4,3,3,4,3,25.666111111,0.385706556,9.899587311
4,4,6,6,1,7,4,3,3,4,4,25.603611111,0.908274000,23.255094278
4,4,6,6,1,7,4,3,3,4,5,25.535277778,0.385305389,9.838880135
4,4,6,6,1,7,4,3,3,4,6,25.234444444,0.384493500,9.702479865
4,4,6,6,1,7,4,3,3,4,7,25.335555556,0.384922778,9.752232421
4,4,6,6,1,7,4,3,3,5,0,25.456111111,0.386138222,9.829577489
4,4,6,6,1,7,4,3,3,5,1,25.551111111,0.386015722,9.863130609
4,4,6,6,1,7,4,3,3,5,2,25.334722222,0.383699833,9.720928694
4,4,6,6,1,7,4,3,3,5,3,25.720833333,0.385848778,9.924352105
4,4,6,6,1,7,4,3,3,5,4,25.483055556,0.858485889,21.876843600
4,4,6,6,1,7,4,3,3,5,5,25.370555556,0.385414444,9.778178575
4,4,6,6,1,7,4,3,3,5,6,25.237222222,0.384491556,9.703498830
4,4,6,6,1,7,4,3,3,5,7,25.336111111,0.384769556,9.748564212
4,4,6,6,1,7,4,3,3,6,0,25.376666667,0.386086778,9.797595464
4,4,6,6,1,7,4,3,3,6,1,25.590277778,0.386024444,9.878472762
4,4,6,6,1,7,4,3,3,6,2,25.281111111,0.383736778,9.701292116
4,4,6,6,1,7,4,3,3,6,3,25.736388889,0.385651111,9.925266971
4,4,6,6,1,7,4,3,3,6,4,25.507222222,0.858516778,21.898378232
4,4,6,6,1,7,4,3,3,6,5,25.451666667,0.385591611,9.813949155
4,4,6,6,1,7,4,3,3,6,6,25.110555556,0.384286278,9.649641927
4,4,6,6,1,7,4,3,3,6,7,24.980555556,0.384821722,9.613060411
4,4,6,6,1,7,4,3,3,7,0,25.249722222,0.386081500,9.748450630
4,4,6,6,1,7,4,3,3,7,1,25.341944444,0.385876722,9.778866457
4,4,6,6,1,7,4,3,3,7,2,25.341111111,0.383592444,9.720658756
4,4,6,6,1,7,4,3,3,7,3,25.703333333,0.385712500,9.914096958
4,4,6,6,1,7,4,3,3,7,4,25.566388889,0.762988889,19.506870651
4,4,6,6,1,7,4,3,3,7,6,25.140833333,0.384501556,9.666689525
4,4,6,6,1,7,4,3,3,7,5,25.566944444,0.385231167,9.849183836
4,4,6,6,1,7,4,3,3,7,7,25.015555556,0.384874944,9.627860555
4,4,6,6,1,7,4,3,3,8,0,25.341944444,0.385965833,9.781124706
4,4,6,6,1,7,4,3,3,8,1,25.663333333,0.386060222,9.907592170
4,4,6,6,1,7,4,3,3,8,2,25.458055556,0.383721389,9.768800436
4,4,6,6,1,7,4,3,3,8,3,25.729444444,0.385783944,9.926006566
4,4,6,6,1,7,4,3,3,8,4,25.354166667,0.668127778,16.939823032
4,4,6,6,1,7,4,3,3,8,5,25.678333333,0.385331278,9.894664995
4,4,6,6,1,7,4,3,3,8,6,25.453611111,0.384339389,9.782825339
4,4,6,6,1,7,4,3,3,8,7,25.009444444,0.384830111,9.624387284
4,4,6,6,1,7,4,3,4,1,0,25.565833333,0.386037444,9.869368965
4,4,6,6,1,7,4,3,4,1,1,25.347500000,0.386127889,9.787376664
4,4,6,6,1,7,4,3,4,1,2,25.110000000,0.383712000,9.635008320
4,4,6,6,1,7,4,3,4,1,3,25.864722222,0.385663889,9.975089357
4,4,6,6,1,7,4,3,4,1,4,25.319722222,0.669179111,16.943429210
4,4,6,6,1,7,4,3,4,1,5,25.371666667,0.385482500,9.780333496
4,4,6,6,1,7,4,3,4,1,6,25.279444444,0.384534444,9.720817125
4,4,6,6,1,7,4,3,4,1,7,25.146666667,0.384837667,9.677384524
4,4,6,6,1,7,4,3,4,2,0,25.294444444,0.386047111,9.764847205
4,4,6,6,1,7,4,3,4,2,1,25.361388889,0.386129111,9.792770548
4,4,6,6,1,7,4,3,4,2,2,25.034444444,0.383814778,9.608589731
4,4,6,6,1,7,4,3,4,2,3,25.453888889,0.385666278,9.816706583
4,4,6,6,1,7,4,3,4,2,4,25.706944444,0.907923667,23.339943259
4,4,6,6,1,7,4,3,4,2,5,25.643888889,0.385335333,9.881496473
4,4,6,6,1,7,4,3,4,2,6,25.460277778,0.384548556,9.790713043
4,4,6,6,1,7,4,3,4,2,7,25.181666667,0.384778000,9.689351337
4,4,6,6,1,7,4,3,4,3,0,25.267777778,0.386002778,9.753432410
4,4,6,6,1,7,4,3,4,3,1,25.370277778,0.385993944,9.792773591
4,4,6,6,1,7,4,3,4,3,2,25.167777778,0.383417889,9.649776224
4,4,6,6,1,7,4,3,4,3,3,25.530833333,0.386021611,9.855453416
4,4,6,6,1,7,4,3,4,3,4,25.567222222,0.907796833,23.209843370
4,4,6,6,1,7,4,3,4,3,5,25.182777778,0.385388333,9.705148756
4,4,6,6,1,7,4,3,4,3,6,25.259166667,0.384453000,9.710962402
4,4,6,6,1,7,4,3,4,3,7,24.979722222,0.384747500,9.610885676
4,4,6,6,1,7,4,3,4,4,0,25.361111111,0.386116833,9.792351912
4,4,6,6,1,7,4,3,4,4,2,25.090833333,0.383640722,9.625865421
4,4,6,6,1,7,4,3,4,4,1,25.447500000,0.386012111,9.823043198
4,4,6,6,1,7,4,3,4,4,3,25.486666667,0.385713278,9.830545740
4,4,6,6,1,7,4,3,4,4,4,25.568333333,0.907719722,23.208880431
4,4,6,6,1,7,4,3,4,4,5,25.333055556,0.385387278,9.763037318
4,4,6,6,1,7,4,3,4,4,6,25.285555556,0.384464556,9.721399879
4,4,6,6,1,7,4,3,4,4,7,25.428611111,0.384813000,9.785260127
4,4,6,6,1,7,4,3,4,5,0,25.135833333,0.386014778,9.702803118
4,4,6,6,1,7,4,3,4,5,1,25.196944444,0.386079278,9.728018113
4,4,6,6,1,7,4,3,4,5,3,25.595000000,0.385842889,9.875648741
4,4,6,6,1,7,4,3,4,5,2,25.322222222,0.383673944,9.715476882
4,4,6,6,1,7,4,3,4,5,4,25.454722222,0.763484444,19.434284454
4,4,6,6,1,7,4,3,4,5,5,25.334722222,0.385093500,9.756236852
4,4,6,6,1,7,4,3,4,5,7,25.229444444,0.385040056,9.714346691
4,4,6,6,1,7,4,3,4,5,6,25.370555556,0.384359722,9.751419686
4,4,6,6,1,7,4,3,4,6,0,25.383055556,0.386241833,9.803997913
4,4,6,6,1,7,4,3,4,6,1,25.604722222,0.386153611,9.887355948
4,4,6,6,1,7,4,3,4,6,3,25.635555556,0.385786000,9.889838436
4,4,6,6,1,7,4,3,4,6,2,25.255555556,0.383842222,9.694148568
4,4,6,6,1,7,4,3,4,6,4,25.531111111,0.383776778,9.798247555
4,4,6,6,1,7,4,3,4,6,5,25.505000000,0.385460389,9.831167219
4,4,6,6,1,7,4,3,4,6,7,25.031388889,0.384755444,9.630963157
4,4,6,6,1,7,4,3,4,6,6,25.235555556,0.384496278,9.702977179
4,4,6,6,1,7,4,3,4,7,0,25.360000000,0.386150944,9.792787951
4,4,6,6,1,7,4,3,4,7,1,25.525555556,0.385893667,9.850150227
4,4,6,6,1,7,4,3,4,7,2,25.303055556,0.383591333,9.706032818
4,4,6,6,1,7,4,3,4,7,3,25.618055556,0.385743556,9.881999836
4,4,6,6,1,7,4,3,4,7,4,25.616666667,0.383890556,9.833996398
4,4,6,6,1,7,4,3,4,7,5,25.468611111,0.385322889,9.813638809
4,4,6,6,1,7,4,3,4,7,6,25.403888889,0.384560111,9.769322334
4,4,6,6,1,7,4,3,4,7,7,25.447777778,0.385089611,9.799674848
4,4,6,6,1,7,4,3,4,8,0,25.556388889,0.385814833,9.860033920
4,4,6,6,1,7,4,3,4,8,1,25.439444444,0.385939222,9.818079403
4,4,6,6,1,7,4,3,4,8,2,25.404444444,0.383685556,9.747318380
4,4,6,6,1,7,4,3,4,8,3,25.630277778,0.386037333,9.894244086
4,4,6,6,1,7,4,3,4,8,4,25.572500000,0.668368722,17.091859149
4,4,6,6,1,8,4,3,0,1,0,25.495555556,0.386351722,9.850251798
4,4,6,6,1,8,4,3,0,1,1,25.303888889,0.385926944,9.765452521
4,4,6,6,1,7,4,3,4,8,5,25.528055556,0.385470667,9.840316594
4,4,6,6,1,8,4,3,0,1,2,25.359166667,0.383779722,9.732333939
4,4,6,6,1,7,4,3,4,8,7,25.032500000,0.384753722,9.631347552
4,4,6,6,1,8,4,3,0,1,3,25.621388889,0.770673167,19.745716909
4,4,6,6,1,7,4,3,4,8,6,25.473055556,0.384748833,9.800728406
4,4,6,6,1,8,4,3,0,1,4,25.693055556,0.383707667,9.858622397
4,4,6,6,1,8,4,3,0,1,7,25.180833333,0.384814000,9.689937198
4,4,6,6,1,8,4,3,0,1,6,25.338888889,0.384450556,9.741549910
4,4,6,6,1,8,4,3,0,1,5,25.292777778,0.719703778,18.203307717
4,4,6,6,1,8,4,3,0,2,0,25.105277778,0.386093278,9.692978987
4,4,6,6,1,8,4,3,0,2,1,25.353333333,0.385939833,9.784861241
4,4,6,6,1,8,4,3,0,2,3,25.706111111,0.770117222,19.796718883
4,4,6,6,1,8,4,3,0,2,2,25.010833333,0.383677667,9.596098175
4,4,6,6,1,8,4,3,0,2,4,25.586944444,0.383913167,9.823164867
4,4,6,6,1,8,4,3,0,2,5,25.288888889,0.719409944,18.193078151
4,4,6,6,1,8,4,3,0,3,0,25.422500000,0.386131222,9.816420997
4,4,6,6,1,8,4,3,0,2,7,25.099444444,0.384912889,9.661099671
4,4,6,6,1,8,4,3,0,2,6,25.102222222,0.384454111,9.650652531
4,4,6,6,1,8,4,3,0,3,1,25.516388889,0.385943500,9.847884435
4,4,6,6,1,8,4,3,0,3,2,25.221388889,0.383780278,9.679471634
4,4,6,6,1,8,4,3,0,3,3,25.799444444,0.769173056,19.844237515
4,4,6,6,1,8,4,3,0,3,4,25.625277778,0.383690222,9.832168525
4,4,6,6,1,8,4,3,0,3,5,25.343611111,0.719300389,18.229669328
4,4,6,6,1,8,4,3,0,3,6,25.371944444,0.384304722,9.750558062
4,4,6,6,1,8,4,3,0,3,7,25.235833333,0.384770944,9.710015426
4,4,6,6,1,8,4,3,0,4,0,25.324166667,0.386152056,9.778979014
4,4,6,6,1,8,4,3,0,4,1,25.310277778,0.385831944,9.765513689
4,4,6,6,1,8,4,3,0,4,2,25.275000000,0.383756056,9.699434304
4,4,6,6,1,8,4,3,0,4,3,25.589166667,0.768967833,19.677246048
4,4,6,6,1,8,4,3,0,4,4,25.565555556,0.383821889,9.812619824
4,4,6,6,1,8,4,3,0,4,5,25.350000000,0.719442333,18.237863150
4,4,6,6,1,8,4,3,0,4,6,25.214166667,0.384369500,9.691556635
4,4,6,6,1,8,4,3,0,4,7,25.274444444,0.384951278,9.729429684
4,4,6,6,1,8,4,3,0,5,0,25.133055556,0.385989722,9.701101132
4,4,6,6,1,8,4,3,0,5,3,25.591944444,0.767667000,19.646091216
4,4,6,6,1,8,4,3,0,5,1,25.510833333,0.386134889,9.850622795
4,4,6,6,1,8,4,3,0,5,2,25.198055556,0.383691111,9.668269934
4,4,6,6,1,8,4,3,0,5,4,25.585555556,0.384043611,9.825969148
4,4,6,6,1,8,4,3,0,5,5,25.280277778,0.719317444,18.184544806
4,4,6,6,1,8,4,3,0,5,6,25.217500000,0.384442000,9.694666135
4,4,6,6,1,8,4,3,0,5,7,25.206111111,0.384939667,9.702832009
4,4,6,6,1,8,4,3,0,6,0,25.356666667,0.385932611,9.785964576
4,4,6,6,1,8,4,3,0,6,3,25.638888889,0.766287944,19.646771465
4,4,6,6,1,8,4,3,0,6,1,25.590277778,0.475355444,12.164477867
4,4,6,6,1,8,4,3,0,6,2,25.182500000,0.383786611,9.664706334
4,4,6,6,1,8,4,3,0,6,4,25.290555556,0.383707333,9.704171631
4,4,6,6,1,8,4,3,0,6,5,25.651388889,0.719143722,18.447035286
4,4,6,6,1,8,4,3,0,6,6,25.343888889,0.384411778,9.742489384
4,4,6,6,1,8,4,3,0,6,7,25.423333333,0.384885444,9.785070949
4,4,6,6,1,8,4,3,0,7,0,25.207222222,0.386328778,9.738275352
4,4,6,6,1,8,4,3,0,7,2,25.445555556,0.383689222,9.763185420
4,4,6,6,1,8,4,3,0,7,1,25.423333333,0.564895000,14.361513883
4,4,6,6,1,8,4,3,0,7,3,25.620555556,0.766088667,19.627617245
4,4,6,6,1,8,4,3,0,7,4,25.638888889,0.383793389,9.840036054
4,4,6,6,1,8,4,3,0,7,5,25.566388889,0.718234722,18.362668222
4,4,6,6,1,8,4,3,0,7,7,24.994166667,0.384833222,9.618585695
4,4,6,6,1,8,4,3,0,7,6,25.113333333,0.384287944,9.650751245
4,4,6,6,1,8,4,3,0,8,0,25.385277778,0.385927722,9.796882431
4,4,6,6,1,8,4,3,0,8,1,25.597777778,0.654193389,16.745896992
4,4,6,6,1,8,4,3,0,8,2,25.108888889,0.383530944,9.630035870
4,4,6,6,1,8,4,3,0,8,4,25.701666667,0.383964722,9.868533302
4,4,6,6,1,8,4,3,0,8,3,25.638333333,0.670880500,17.200257886
4,4,6,6,1,8,4,3,0,8,5,25.221944444,0.718250111,18.115664400
4,4,6,6,1,8,4,3,0,8,7,25.298611111,0.384802500,9.734968802
4,4,6,6,1,8,4,3,0,8,6,25.046944444,0.384220611,9.623552301
4,4,6,6,1,8,4,3,1,1,0,25.280000000,0.386036167,9.758994293
4,4,6,6,1,8,4,3,1,1,2,25.108055556,0.383703333,9.634044610
4,4,6,6,1,8,4,3,1,1,3,25.805555556,0.770770667,19.890165259
4,4,6,6,1,8,4,3,1,1,1,25.643888889,0.813457833,20.860222294
4,4,6,6,1,8,4,3,1,1,4,25.495555556,0.727482444,18.547569078
4,4,6,6,1,8,4,3,1,1,7,25.215555556,0.384957611,9.706920030
4,4,6,6,1,8,4,3,1,1,5,25.261111111,0.767081222,19.377323986
4,4,6,6,1,8,4,3,1,1,6,25.215833333,0.384263389,9.689521570
4,4,6,6,1,8,4,3,1,2,0,25.469444444,0.386014833,9.831583352
4,4,6,6,1,8,4,3,1,2,3,25.699166667,0.770051611,19.789684696
4,4,6,6,1,8,4,3,1,2,2,25.110000000,0.383516778,9.630106290
4,4,6,6,1,8,4,3,1,2,1,25.616666667,0.813340056,20.835061090
4,4,6,6,1,8,4,3,1,2,4,25.514722222,0.727212222,18.554617847
4,4,6,6,1,8,4,3,1,2,5,25.348055556,0.767075389,19.443869573
4,4,6,6,1,8,4,3,1,2,7,25.128888889,0.384924778,9.672731971
4,4,6,6,1,8,4,3,1,2,6,25.301944444,0.384593722,9.730968993
4,4,6,6,1,8,4,3,1,3,0,25.367777778,0.386213389,9.797375424
4,4,6,6,1,8,4,3,1,3,1,25.382777778,0.812781278,20.630646556
4,4,6,6,1,8,4,3,1,3,2,25.253888889,0.383508000,9.685068420
4,4,6,6,1,8,4,3,1,3,3,25.881666667,0.769833722,19.924579787
4,4,6,6,1,8,4,3,1,3,4,25.790277778,0.726915778,18.747359830
4,4,6,6,1,8,4,3,1,3,6,25.235277778,0.384574222,9.704837324
4,4,6,6,1,8,4,3,1,3,5,25.431111111,0.767171222,19.510016594
4,4,6,6,1,8,4,3,1,3,7,25.139166667,0.384918167,9.676521945
4,4,6,6,1,8,4,3,1,4,0,25.383888889,0.386134333,9.801591014
4,4,6,6,1,8,4,3,1,4,1,25.565000000,0.812678833,20.776134374
4,4,6,6,1,8,4,3,1,4,2,25.237500000,0.383611333,9.681391025
4,4,6,6,1,8,4,3,1,4,3,25.773333333,0.769513611,19.832930804
4,4,6,6,1,8,4,3,1,4,4,25.579444444,0.725731778,18.563815691
4,4,6,6,1,8,4,3,1,4,5,25.461111111,0.767097611,19.531157510
4,4,6,6,1,8,4,3,1,4,6,25.316111111,0.384405222,9.731645317
4,4,6,6,1,8,4,3,1,4,7,25.145000000,0.384926278,9.678971255
4,4,6,6,1,8,4,3,1,5,0,25.439722222,0.385767444,9.813816629
4,4,6,6,1,8,4,3,1,5,2,25.068888889,0.383660111,9.617932697
4,4,6,6,1,8,4,3,1,5,1,25.438333333,0.812650722,20.672479955
4,4,6,6,1,8,4,3,1,5,3,25.633888889,0.769275111,19.719512723
4,4,6,6,1,8,4,3,1,5,4,25.296944444,0.725168667,18.344551474
4,4,6,6,1,8,4,3,1,5,5,25.716388889,0.766819333,19.719824184
4,4,6,6,1,8,4,3,1,5,6,25.376111111,0.384360611,9.753577574
4,4,6,6,1,8,4,3,1,5,7,25.235833333,0.384962056,9.714838274
4,4,6,6,1,8,4,3,1,6,0,25.140277778,0.386091222,9.706440574
4,4,6,6,1,8,4,3,1,6,1,25.648055556,0.812730167,20.844948466
4,4,6,6,1,8,4,3,1,6,2,25.174166667,0.383584167,9.656411742
4,4,6,6,1,8,4,3,1,6,3,25.928333333,0.768099444,19.915538429
4,4,6,6,1,8,4,3,1,6,4,25.536944444,0.725212778,18.519718417
4,4,6,6,1,8,4,3,1,6,5,25.498888889,0.766768611,19.551747618
4,4,6,6,1,8,4,3,1,6,6,25.314444444,0.384459944,9.732389905
4,4,6,6,1,8,4,3,1,6,7,25.456666667,0.384831111,9.796517319
4,4,6,6,1,8,4,3,1,7,0,25.435000000,0.385949333,9.816621293
4,4,6,6,1,8,4,3,1,7,1,25.572777778,0.812343611,20.773882646
4,4,6,6,1,8,4,3,1,7,2,25.032777778,0.383574889,9.601944955
4,4,6,6,1,8,4,3,1,7,3,25.653611111,0.575855611,14.772775904
4,4,6,6,1,8,4,3,1,7,4,25.621944444,0.725066000,18.577600771
4,4,6,6,1,8,4,3,1,7,5,25.604722222,0.766665722,19.630262855
4,4,6,6,1,8,4,3,1,7,6,25.313888889,0.384461556,9.732217099
4,4,6,6,1,8,4,3,1,7,7,24.961388889,0.384888944,9.607362621
4,4,6,6,1,8,4,3,1,8,0,25.431666667,0.385958444,9.815566506
4,4,6,6,1,8,4,3,1,8,1,25.264166667,0.812321611,20.522628570
4,4,6,6,1,8,4,3,1,8,3,25.466666667,0.433291389,11.034487370
4,4,6,6,1,8,4,3,1,8,2,25.460555556,0.383674778,9.768572995
4,4,6,6,1,8,4,3,1,8,4,25.571666667,0.725033833,18.540323508
4,4,6,6,1,8,4,3,1,8,5,25.466111111,0.766396222,19.517131350
4,4,6,6,1,8,4,3,1,8,7,24.988333333,0.384831944,9.616308905
4,4,6,6,1,8,4,3,1,8,6,25.493611111,0.384244000,9.795767108
4,4,6,6,1,8,4,3,2,1,0,25.228055556,0.386095444,9.740437322
4,4,6,6,1,8,4,3,2,1,1,25.340555556,0.386065611,9.783117066
4,4,6,6,1,8,4,3,2,1,2,25.351388889,0.383497333,9.722190035
4,4,6,6,1,8,4,3,2,1,3,25.770277778,0.675464833,17.406916384
4,4,6,6,1,8,4,3,2,1,4,25.648055556,0.579743944,14.869304895
4,4,6,6,1,8,4,3,2,1,5,25.286944444,0.671489778,16.979924706
4,4,6,6,1,8,4,3,2,1,6,25.314722222,0.384289222,9.728174914
4,4,6,6,1,8,4,3,2,1,7,25.036666667,0.384755056,9.632984074
4,4,6,6,1,8,4,3,2,2,0,25.292222222,0.386057944,9.764263322
4,4,6,6,1,8,4,3,2,2,1,25.420277778,0.385976500,9.811629846
4,4,6,6,1,8,4,3,2,2,3,25.536666667,0.675157833,17.241280537
4,4,6,6,1,8,4,3,2,2,2,25.489722222,0.383574833,9.777215953
4,4,6,6,1,8,4,3,2,2,4,25.386944444,0.579588667,14.713985281
4,4,6,6,1,8,4,3,2,2,5,25.209444444,0.671758889,16.934668390
4,4,6,6,1,8,4,3,2,2,6,25.388055556,0.384457889,9.760638242
4,4,6,6,1,8,4,3,2,2,7,25.045000000,0.384762500,9.636376812
4,4,6,6,1,8,4,3,2,3,0,25.201388889,0.386200722,9.732794590
4,4,6,6,1,8,4,3,2,3,1,25.656111111,0.385931722,9.901507147
4,4,6,6,1,8,4,3,2,3,2,25.234444444,0.383566500,9.679087535
4,4,6,6,1,8,4,3,2,3,3,25.578055556,0.675005222,17.265321074
4,4,6,6,1,8,4,3,2,3,4,25.826388889,0.725565500,18.738736767
4,4,6,6,1,8,4,3,2,3,5,25.183333333,0.671414222,16.908448163
4,4,6,6,1,8,4,3,2,3,6,25.312500000,0.384545722,9.733813594
4,4,6,6,1,8,4,3,2,3,7,25.242777778,0.384960278,9.717466745
4,4,6,6,1,8,4,3,2,4,0,25.357777778,0.386004833,9.788224785
4,4,6,6,1,8,4,3,2,4,1,25.335277778,0.385986944,9.779086456
4,4,6,6,1,8,4,3,2,4,2,25.244722222,0.383564500,9.682979257
4,4,6,6,1,8,4,3,2,4,3,25.564166667,0.674589000,17.245305627
4,4,6,6,1,8,4,3,2,4,4,25.585277778,0.774447333,19.814450148
4,4,6,6,1,8,4,3,2,4,5,25.655277778,0.671197167,17.219749754
4,4,6,6,1,8,4,3,2,4,6,25.518333333,0.384510444,9.812065691
4,4,6,6,1,8,4,3,2,4,7,25.414166667,0.384708889,9.777055820
4,4,6,6,1,8,4,3,2,5,0,25.300000000,0.386177556,9.770292156
4,4,6,6,1,8,4,3,2,5,1,25.461111111,0.386081667,9.830068213
4,4,6,6,1,8,4,3,2,5,3,25.528888889,0.674644667,17.222928735
4,4,6,6,1,8,4,3,2,5,2,25.395555556,0.383773500,9.746141240
4,4,6,6,1,8,4,3,2,5,4,25.547777778,0.774120444,19.777057088
4,4,6,6,1,8,4,3,2,5,5,25.291111111,0.670964889,16.969447557
4,4,6,6,1,8,4,3,2,5,6,25.335833333,0.384553278,9.742977754
4,4,6,6,1,8,4,3,2,5,7,25.385277778,0.384762389,9.767300120
4,4,6,6,1,8,4,3,2,6,0,25.301944444,0.386181167,9.771134424
4,4,6,6,1,8,4,3,2,6,1,25.258611111,0.475340778,12.006447851
4,4,6,6,1,8,4,3,2,6,3,25.547500000,0.674602444,17.234405949
4,4,6,6,1,8,4,3,2,6,2,25.262222222,0.383752833,9.694449354
4,4,6,6,1,8,4,3,2,6,4,25.539444444,0.773844278,19.763552941
4,4,6,6,1,8,4,3,2,6,5,25.400555556,0.670675444,17.035528886
4,4,6,6,1,8,4,3,2,6,6,25.332777778,0.384281333,9.734913621
4,4,6,6,1,8,4,3,2,6,7,25.430277778,0.384893500,9.787948620
4,4,6,6,1,8,4,3,2,7,0,25.409444444,0.386015611,9.808442225
4,4,6,6,1,8,4,3,2,7,1,25.458611111,0.564863111,14.380630277
4,4,6,6,1,8,4,3,2,7,3,25.654722222,0.674821222,17.312351006
4,4,6,6,1,8,4,3,2,7,2,25.211111111,0.383720944,9.674031366
4,4,6,6,1,8,4,3,2,7,4,25.513611111,0.773599000,19.737304042
4,4,6,6,1,8,4,3,2,7,5,25.408055556,0.670503111,17.036180297
4,4,6,6,1,8,4,3,2,7,7,25.007500000,0.384772278,9.622192737
4,4,6,6,1,8,4,3,2,7,6,25.448055556,0.384258944,9.778642966
4,4,6,6,1,8,4,3,2,8,0,25.255555556,0.385920333,9.746632419
4,4,6,6,1,8,4,3,2,8,1,25.380000000,0.654113833,16.601409090
4,4,6,6,1,8,4,3,2,8,2,24.985000000,0.383436667,9.580165117
4,4,6,6,1,8,4,3,2,8,3,25.606666667,0.674531944,17.272514657
4,4,6,6,1,8,4,3,2,8,4,25.588611111,0.773918389,19.803496685
4,4,6,6,1,8,4,3,2,8,5,25.198055556,0.670443889,16.893882359
4,4,6,6,1,8,4,3,2,8,6,25.414722222,0.384520278,9.772476049
4,4,6,6,1,8,4,3,2,8,7,24.946944444,0.384867611,9.601270913
4,4,6,6,1,8,4,3,3,1,0,25.312500000,0.386037500,9.771574219
4,4,6,6,1,8,4,3,3,1,1,25.465000000,0.908253667,23.128679622
4,4,6,6,1,8,4,3,3,1,3,25.580555556,0.675345722,17.275718767
4,4,6,6,1,8,4,3,3,1,2,25.271111111,0.383679722,9.696012891
4,4,6,6,1,8,4,3,3,1,4,25.608611111,0.727025111,18.618103338
4,4,6,6,1,8,4,3,3,1,5,25.414444444,0.719710611,18.291045342
4,4,6,6,1,8,4,3,3,1,7,25.123611111,0.384909333,9.670312404
4,4,6,6,1,8,4,3,3,1,6,25.210277778,0.384485667,9.692990458
4,4,6,6,1,8,4,3,3,2,0,25.139166667,0.386083333,9.705813264
4,4,6,6,1,8,4,3,3,2,1,25.401388889,0.907963278,23.063528316
4,4,6,6,1,8,4,3,3,2,2,25.272777778,0.383678667,9.696625681
4,4,6,6,1,8,4,3,3,2,3,25.940000000,0.675276667,17.516676733
4,4,6,6,1,8,4,3,3,2,4,25.641666667,0.726620778,18.631767777
4,4,6,6,1,8,4,3,3,2,5,25.395277778,0.719495444,18.271786672
4,4,6,6,1,8,4,3,3,2,6,25.358888889,0.384490000,9.750239189
4,4,6,6,1,8,4,3,3,2,7,25.220277778,0.385011389,9.710094175
4,4,6,6,1,8,4,3,3,3,0,25.303333333,0.386099667,9.769608566
4,4,6,6,1,8,4,3,3,3,1,25.476111111,0.907708667,23.124886849
4,4,6,6,1,8,4,3,3,3,2,25.161666667,0.383694111,9.654383326
4,4,6,6,1,8,4,3,3,3,3,25.476388889,0.674749778,17.190187741
4,4,6,6,1,8,4,3,3,3,4,25.574166667,0.725321556,18.549494349
4,4,6,6,1,8,4,3,3,3,5,25.302777778,0.719316000,18.200692900
4,4,6,6,1,8,4,3,3,3,7,25.212222222,0.384814444,9.702027288
4,4,6,6,1,8,4,3,3,3,6,25.470000000,0.384590222,9.795512960
4,4,6,6,1,8,4,3,3,4,0,25.317222222,0.386101778,9.775024508
4,4,6,6,1,8,4,3,3,4,1,25.549166667,0.907585611,23.188056043
4,4,6,6,1,8,4,3,3,4,2,24.986666667,0.383589167,9.584614644
4,4,6,6,1,8,4,3,3,4,3,25.472500000,0.674884444,17.190994011
4,4,6,6,1,8,4,3,3,4,4,25.761666667,0.725221556,18.682915974
4,4,6,6,1,8,4,3,3,4,5,25.223888889,0.719400611,18.146081081
4,4,6,6,1,8,4,3,3,4,6,25.234444444,0.384553056,9.703982716
4,4,6,6,1,8,4,3,3,4,7,25.335555556,0.384977111,9.753608986
4,4,6,6,1,8,4,3,3,5,0,25.456111111,0.386165889,9.830281775
4,4,6,6,1,8,4,3,3,5,1,25.513611111,0.907464611,23.152699185
4,4,6,6,1,8,4,3,3,5,2,25.334722222,0.383759000,9.722427665
4,4,6,6,1,8,4,3,3,5,3,25.591666667,0.674723389,17.267296061
4,4,6,6,1,8,4,3,3,5,4,25.483055556,0.725106167,18.477920729
4,4,6,6,1,8,4,3,3,5,5,25.406944444,0.719232333,18.273495936
4,4,6,6,1,8,4,3,3,5,6,25.237222222,0.384551111,9.705001847
4,4,6,6,1,8,4,3,3,5,7,25.336111111,0.384823889,9.749940807
4,4,6,6,1,8,4,3,3,6,0,25.376666667,0.386114444,9.798297552
4,4,6,6,1,8,4,3,3,6,1,25.381111111,0.812635389,20.625589098
4,4,6,6,1,8,4,3,3,6,2,25.281111111,0.383795944,9.702787915
4,4,6,6,1,8,4,3,3,6,3,25.470555556,0.674266667,17.173946593
4,4,6,6,1,8,4,3,3,6,4,25.507222222,0.725345056,18.501537520
4,4,6,6,1,8,4,3,3,6,5,25.516944444,0.719133056,18.350078227
4,4,6,6,1,8,4,3,3,6,6,25.110555556,0.384345833,9.651137400
4,4,6,6,1,8,4,3,3,6,7,24.980555556,0.384876056,9.614417688
4,4,6,6,1,8,4,3,3,7,0,25.249722222,0.386109167,9.749149206
4,4,6,6,1,8,4,3,3,7,1,25.560833333,0.717783389,18.347141573
4,4,6,6,1,8,4,3,3,7,2,25.341111111,0.383651611,9.722158105
4,4,6,6,1,8,4,3,3,7,3,25.588611111,0.672601222,17.210931108
4,4,6,6,1,8,4,3,3,7,4,25.566388889,0.724751833,18.529287219
4,4,6,6,1,8,4,3,3,7,5,25.369444444,0.718721667,18.233569394
4,4,6,6,1,8,4,3,3,7,6,25.140833333,0.384561111,9.668186801
4,4,6,6,1,8,4,3,3,7,7,25.015555556,0.384929278,9.629219733
4,4,6,6,1,8,4,3,3,8,0,25.341944444,0.385993500,9.781825833
4,4,6,6,1,8,4,3,3,8,1,25.278333333,0.528056056,13.348376991
4,4,6,6,1,8,4,3,3,8,2,25.458055556,0.383777222,9.770221844
4,4,6,6,1,8,4,3,3,8,3,25.729444444,0.385753167,9.925214671
4,4,6,6,1,8,4,3,3,8,4,25.600000000,0.724861000,18.556441600
4,4,6,6,1,8,4,3,3,8,5,25.468055556,0.718370667,18.295504048
4,4,6,6,1,8,4,3,3,8,6,25.453611111,0.384398944,9.784341243
4,4,6,6,1,8,4,3,3,8,7,25.009444444,0.384884444,9.625746131
4,4,6,6,1,8,4,3,4,1,1,25.530277778,0.671105000,17.133497068
4,4,6,6,1,8,4,3,4,1,0,25.565833333,0.386054444,9.869803584
4,4,6,6,1,8,4,3,4,1,2,25.110000000,0.383781333,9.636749280
4,4,6,6,1,8,4,3,4,1,3,25.570277778,0.770255222,19.695639992
4,4,6,6,1,8,4,3,4,1,4,25.483888889,0.383878444,9.782715625
4,4,6,6,1,8,4,3,4,1,5,25.276388889,0.671651111,16.976914682
4,4,6,6,1,8,4,3,4,1,6,25.279444444,0.384586778,9.722140083
4,4,6,6,1,8,4,3,4,1,7,25.146666667,0.384896333,9.678859796
4,4,6,6,1,8,4,3,4,2,0,25.294444444,0.386064111,9.765277210
4,4,6,6,1,8,4,3,4,2,1,25.239722222,0.670755000,16.929669879
4,4,6,6,1,8,4,3,4,2,2,25.034444444,0.383884111,9.610325453
4,4,6,6,1,8,4,3,4,2,3,25.495555556,0.770112778,19.634453110
4,4,6,6,1,8,4,3,4,2,5,25.187500000,0.671657389,16.917370483
4,4,6,6,1,8,4,3,4,2,4,25.570277778,0.384040778,9.820029366
4,4,6,6,1,8,4,3,4,2,7,25.181666667,0.384831667,9.690702753
4,4,6,6,1,8,4,3,4,2,6,25.460277778,0.384600889,9.792045465
4,4,6,6,1,8,4,3,4,3,1,25.216111111,0.670354000,16.903720948
4,4,6,6,1,8,4,3,4,3,0,25.267777778,0.386019778,9.753861963
4,4,6,6,1,8,4,3,4,3,2,25.167777778,0.383487222,9.651521190
4,4,6,6,1,8,4,3,4,3,3,25.465277778,0.674858000,17.185446431
4,4,6,6,1,8,4,3,4,3,4,25.608333333,0.383760500,9.827466804
4,4,6,6,1,8,4,3,4,3,5,25.396944444,0.671547778,17.055261604
4,4,6,6,1,8,4,3,4,3,7,24.979722222,0.384806167,9.612351153
4,4,6,6,1,8,4,3,4,3,6,25.259166667,0.384505333,9.712284299
4,4,6,6,1,8,4,3,4,4,1,25.218611111,0.670273056,16.903355526
4,4,6,6,1,8,4,3,4,4,0,25.361111111,0.386128833,9.792656245
4,4,6,6,1,8,4,3,4,4,2,25.090833333,0.383710056,9.627605052
4,4,6,6,1,8,4,3,4,4,3,25.951388889,0.675030444,17.517977576
4,4,6,6,1,8,4,3,4,4,5,25.359444444,0.671545889,17.030030661
4,4,6,6,1,8,4,3,4,4,4,25.585277778,0.383837778,9.820596166
4,4,6,6,1,8,4,3,4,4,6,25.285555556,0.384516889,9.722723156
4,4,6,6,1,8,4,3,4,5,0,25.135833333,0.386026778,9.703104748
4,4,6,6,1,8,4,3,4,4,7,25.428611111,0.384871667,9.786751939
4,4,6,6,1,8,4,3,4,5,1,25.425833333,0.575299889,14.627479092
4,4,6,6,1,8,4,3,4,5,2,25.322222222,0.383743278,9.717232556
4,4,6,6,1,8,4,3,4,5,4,25.616111111,0.384047222,9.837796316
4,4,6,6,1,8,4,3,4,5,3,25.890000000,0.674962278,17.474773372
4,4,6,6,1,8,4,3,4,5,5,25.500000000,0.671314500,17.118519750
4,4,6,6,1,8,4,3,4,5,6,25.370555556,0.384412056,9.752747412
4,4,6,6,1,8,4,3,4,5,7,25.229444444,0.385098722,9.715826818
4,4,6,6,1,8,4,3,4,6,0,25.383055556,0.386253833,9.804302510
4,4,6,6,1,8,4,3,4,6,1,25.449722222,0.480918722,12.239247892
4,4,6,6,1,8,4,3,4,6,2,25.255555556,0.383911556,9.695899620
4,4,6,6,1,8,4,3,4,6,3,25.464722222,0.674407333,17.173595408
4,4,6,6,1,8,4,3,4,6,4,25.531111111,0.383782111,9.798383721
4,4,6,6,1,8,4,3,4,6,5,25.489722222,0.670942944,17.102149281
4,4,6,6,1,8,4,3,4,6,6,25.235555556,0.384548611,9.704297840
4,4,6,6,1,8,4,3,4,6,7,25.031388889,0.384809111,9.632306508
4,4,6,6,1,8,4,3,4,7,0,25.360000000,0.386162944,9.793092271
4,4,6,6,1,8,4,3,4,7,1,25.525555556,0.385917111,9.850748660
4,4,6,6,1,8,4,3,4,7,3,25.522777778,0.433262111,11.058052581
4,4,6,6,1,8,4,3,4,7,2,25.303055556,0.383660667,9.707787163
4,4,6,6,1,8,4,3,4,7,4,25.616666667,0.383895889,9.834133020
4,4,6,6,1,8,4,3,4,7,5,25.472500000,0.670833889,17.087816235
4,4,6,6,1,8,4,3,4,7,6,25.403888889,0.384612444,9.770651804
4,4,6,6,1,8,4,3,4,7,7,25.447777778,0.385143278,9.801040545
4,4,6,6,1,8,4,3,4,8,1,25.439444444,0.385962667,9.818675816
4,4,6,6,1,8,4,3,4,8,0,25.556388889,0.385826833,9.860340596
4,4,6,6,1,8,4,3,4,8,2,25.404444444,0.383754889,9.749079755
4,4,6,6,1,8,4,3,4,8,3,25.630277778,0.385997222,9.893216027
4,4,6,6,1,8,4,3,4,8,4,25.571944444,0.384028333,9.820351205
4,4,6,6,1,8,4,3,4,8,5,25.532777778,0.670486111,17.119372878
4,4,6,6,1,8,4,3,4,8,6,25.473055556,0.384801167,9.802061496
4,4,6,6,1,8,4,3,4,8,7,25.032500000,0.384807389,9.632690962
