policy,size_t,age_t,dvfs,preempt_n,preempt_gap,seed,time_h,energy_kwh,edp
2,9000,0,0,0,0,3,25.590277778,0.385776944,9.872139169
2,9000,0,0,0,0,2,25.103888889,0.383176278,9.619214702
2,9000,0,0,0,0,1,25.315555556,0.386000278,9.771811477
2,9000,0,0,0,0,0,25.356388889,0.385748889,9.781198840
2,9000,0,0,0,0,4,25.499444444,0.383519111,9.779524267
2,9000,0,0,0,0,5,25.375555556,0.385178722,9.774124065
2,9000,0,0,0,0,6,25.272222222,0.384049722,9.705789924
2,9000,0,0,0,0,7,25.213333333,0.384632056,9.697856227
2,9000,0,0,0,0,8,25.297777778,0.384604000,9.729626524
2,9000,0,0,0,0,9,25.263055556,0.384419333,9.711606975
2,9000,0,0,0,0,10,25.453888889,0.384100444,9.776850035
2,9000,0,0,0,0,11,25.197777778,0.385403000,9.711299149
2,9000,0,0,0,0,12,25.413055556,0.385214667,9.789481725
2,9000,0,0,0,0,14,25.311666667,0.383911000,9.717427262
2,9000,0,0,0,0,13,25.394166667,0.386970778,9.826800426
2,9000,0,0,0,0,15,25.024166667,0.382582500,9.573808244
2,9000,0,0,1,3000,0,25.173611111,0.385864111,9.713593075
2,9000,0,0,1,3000,3,25.490277778,0.385796333,9.834055702
2,9000,0,0,1,3000,2,25.062500000,0.383303833,9.606552323
2,9000,0,0,1,3000,1,25.578055556,0.385925611,9.871226721
2,9000,0,0,1,3000,5,25.231388889,0.385287500,9.721338747
2,9000,0,0,1,3000,4,25.539166667,0.383547389,9.795480689
2,9000,0,0,1,3000,6,25.230833333,0.384176889,9.693103054
2,9000,0,0,1,3000,7,25.399722222,0.384693167,9.771099574
2,9000,0,0,1,3000,8,25.367222222,0.384820333,9.761822911
2,9000,0,0,1,3000,10,25.445000000,0.384455000,9.782457475
2,9000,0,0,1,3000,9,25.295000000,0.384525722,9.726578144
2,9000,0,0,1,3000,11,25.306388889,0.385529833,9.756367891
2,9000,0,0,1,3000,12,25.584166667,0.385318722,9.858058409
2,9000,0,0,1,3000,13,25.394722222,0.387044222,9.828880511
2,9000,0,0,1,3000,14,25.483888889,0.383902889,9.783338565
2,9000,0,0,1,3000,15,25.217500000,0.383031167,9.659088445
2,9000,0,0,1,4000,0,25.125277778,0.385672389,9.690125902
2,9000,0,0,1,4000,1,25.384722222,0.386114611,9.801412149
2,9000,0,0,1,4000,2,25.325000000,0.383310889,9.707348261
2,9000,0,0,1,4000,3,25.606111111,0.385846389,9.880025506
2,9000,0,0,1,4000,5,25.268333333,0.385223056,9.733944575
2,9000,0,0,1,4000,4,25.623888889,0.383642389,9.830409946
2,9000,0,0,1,4000,6,25.326111111,0.384191389,9.730073803
2,9000,0,0,1,4000,7,25.343888889,0.384690889,9.749563145
2,9000,0,0,1,4000,8,25.435833333,0.384824833,9.788340323
2,9000,0,0,1,4000,9,25.239444444,0.384538722,9.705543716
2,9000,0,0,1,4000,10,25.639166667,0.384318778,9.853613197
2,9000,0,0,1,4000,11,25.225277778,0.385395389,9.721705739
2,9000,0,0,1,4000,12,25.382777778,0.385131778,9.775714330
2,9000,0,0,1,4000,13,25.475277778,0.386860167,9.855370207
2,9000,0,0,1,4000,15,24.900833333,0.382845167,9.533163688
2,9000,0,0,1,4000,14,25.456388889,0.384151944,9.779121290
2,9000,0,0,1,5000,1,25.348333333,0.385959056,9.783418793
2,9000,0,0,1,5000,0,25.460833333,0.386004667,9.828000484
2,9000,0,0,1,5000,2,25.143055556,0.383330111,9.638090280
2,9000,0,0,1,5000,3,25.632222222,0.385769056,9.888118158
2,9000,0,0,1,5000,4,25.632222222,0.383591389,9.832299723
2,9000,0,0,1,5000,5,25.344444444,0.385276500,9.764618850
2,9000,0,0,1,5000,6,25.264444444,0.384277000,9.708544918
2,9000,0,0,1,5000,7,25.178055556,0.384496722,9.680879833
2,9000,0,0,1,5000,8,25.155000000,0.384830556,9.680412625
2,9000,0,0,1,5000,9,25.315000000,0.384598667,9.736115247
2,9000,0,0,1,5000,10,25.451944444,0.384338778,9.782169220
2,9000,0,0,1,5000,11,25.420833333,0.385349889,9.795915300
2,9000,0,0,1,5000,12,25.532500000,0.385298778,9.837641044
2,9000,0,0,1,5000,13,25.580555556,0.386838222,9.895536635
2,9000,0,0,1,5000,14,25.503611111,0.383878333,9.790283727
2,9000,0,0,1,5000,15,25.108333333,0.382924167,9.614587618
2,9000,0,0,1,6000,0,25.278611111,0.385638389,9.748402862
2,9000,0,0,1,6000,1,25.387222222,0.385925667,9.797580661
2,9000,0,0,1,6000,2,25.245277778,0.383365444,9.678167135
2,9000,0,0,1,6000,3,25.584444444,0.385865667,9.872158712
2,9000,0,0,1,6000,4,25.495277778,0.383543778,9.778555154
2,9000,0,0,1,6000,5,25.307500000,0.385298444,9.750940383
2,9000,0,0,1,6000,6,25.456111111,0.384195222,9.780116265
2,9000,0,0,1,6000,7,25.401111111,0.384616000,9.769673751
2,9000,0,0,1,6000,8,25.228333333,0.384692889,9.705160432
2,9000,0,0,1,6000,9,25.258888889,0.384701611,9.717135250
2,9000,0,0,1,6000,10,25.556944444,0.384165111,9.818086402
2,9000,0,0,1,6000,11,25.522777778,0.385381222,9.835999295
2,9000,0,0,1,6000,12,25.376388889,0.385288056,9.777219532
2,9000,0,0,1,6000,13,25.408333333,0.386913000,9.830814475
2,9000,0,0,1,6000,14,25.416388889,0.383785056,9.754430222
2,9000,0,0,1,6000,15,24.991666667,0.382835333,9.567693039
2,9000,0,0,1,7000,0,25.278055556,0.385845500,9.753423985
2,9000,0,0,1,7000,1,25.275277778,0.385861500,9.752756596
2,9000,0,0,1,7000,2,25.102500000,0.383186500,9.618939116
2,9000,0,0,1,7000,3,25.512500000,0.385702444,9.840233614
2,9000,0,0,1,7000,4,25.523888889,0.383509500,9.788653866
2,9000,0,0,1,7000,5,25.364166667,0.385195667,9.770167089
2,9000,0,0,1,7000,6,25.337500000,0.384173056,9.733984795
2,9000,0,0,1,7000,7,25.122500000,0.384544056,9.660708036
2,9000,0,0,1,7000,8,25.297777778,0.384601611,9.729566091
2,9000,0,0,1,7000,9,25.433611111,0.384643333,9.782868956
2,9000,0,0,1,7000,10,25.379444444,0.384214222,9.751143508
2,9000,0,0,1,7000,11,25.268333333,0.385320611,9.736409642
2,9000,0,0,1,7000,12,25.395277778,0.385259722,9.783777662
2,9000,0,0,1,7000,14,25.251666667,0.384203667,9.701782923
2,9000,0,0,2,3000,0,25.267222222,0.385718778,9.746042073
2,9000,0,0,1,7000,13,25.486111111,0.387010833,9.863401100
2,9000,0,0,1,7000,15,24.949444444,0.382673056,9.547480140
2,9000,0,0,2,3000,2,25.076111111,0.383229611,9.609908309
2,9000,0,0,2,3000,3,25.469722222,0.385809111,9.826450891
2,9000,0,0,2,3000,1,25.633055556,0.385894833,9.891663701
2,9000,0,0,2,3000,4,25.537500000,0.383540056,9.794654169
2,9000,0,0,2,3000,5,25.221111111,0.385101278,9.712682116
2,9000,0,0,2,3000,7,25.104166667,0.384680611,9.657086175
2,9000,0,0,2,3000,6,25.409166667,0.384066556,9.758811121
2,9000,0,0,2,3000,8,25.178888889,0.384652722,9.685128154
2,9000,0,0,2,3000,9,25.210277778,0.384616944,9.696300007
2,9000,0,0,2,3000,11,25.384444444,0.385224111,9.778700047
2,9000,0,0,2,3000,10,25.631666667,0.384334389,9.851130945
2,9000,0,0,2,3000,12,25.333888889,0.385184000,9.758208658
2,9000,0,0,2,3000,13,25.422777778,0.386972111,9.837905987
2,9000,0,0,2,3000,14,25.486944444,0.384123944,9.790145632
2,9000,0,0,2,3000,15,25.176666667,0.383027000,9.643343103
2,9000,0,0,2,4000,0,25.140833333,0.385877333,9.701277724
2,9000,0,0,2,4000,2,25.061944444,0.383254500,9.605102987
2,9000,0,0,2,4000,1,25.554166667,0.385677333,9.855662856
2,9000,0,0,2,4000,3,25.459444444,0.385853889,9.823625648
2,9000,0,0,2,4000,4,25.621111111,0.383622889,9.828844661
2,9000,0,0,2,4000,5,25.224166667,0.385051000,9.712590599
2,9000,0,0,2,4000,6,25.381944444,0.384152778,9.750544464
2,9000,0,0,2,4000,7,25.143611111,0.384542333,9.668782885
2,9000,0,0,2,4000,8,25.155000000,0.384662111,9.676175405
2,9000,0,0,2,4000,9,25.199444444,0.384567833,9.690895751
2,9000,0,0,2,4000,10,25.448333333,0.384339056,9.780788399
2,9000,0,0,2,4000,12,25.610000000,0.385174667,9.864323213
2,9000,0,0,2,4000,11,25.498888889,0.385332389,9.825547770
2,9000,0,0,2,4000,13,25.326666667,0.386844778,9.797488739
2,9000,0,0,2,4000,15,24.886388889,0.382629111,9.522256859
2,9000,0,0,2,4000,14,25.469722222,0.383893833,9.777669298
2,9000,0,0,2,5000,0,25.354722222,0.385950556,9.785669128
2,9000,0,0,2,5000,1,25.239722222,0.385718111,9.735417981
2,9000,0,0,2,5000,2,25.098055556,0.383180000,9.617072928
2,9000,0,0,2,5000,3,25.588055556,0.385682167,9.868856707
2,9000,0,0,2,5000,4,25.489166667,0.383588000,9.777338463
2,9000,0,0,2,5000,5,25.226388889,0.385009000,9.712386760
2,9000,0,0,2,5000,6,25.442500000,0.384016056,9.770328493
2,9000,0,0,2,5000,7,25.183333333,0.384710722,9.688298355
2,9000,0,0,2,5000,8,25.161111111,0.384803667,9.682087813
2,9000,0,0,2,5000,9,25.372500000,0.384753500,9.762158179
2,9000,0,0,2,5000,10,25.366666667,0.384274556,9.747764559
2,9000,0,0,2,5000,12,25.446111111,0.385170722,9.801096994
2,9000,0,0,2,5000,11,25.307500000,0.385298667,9.750946007
2,9000,0,0,2,5000,13,25.465555556,0.386806278,9.850236756
2,9000,0,0,2,5000,14,25.489166667,0.384059500,9.789356605
2,9000,0,0,2,5000,15,25.208611111,0.382769000,9.649074866
2,9000,0,0,2,6000,0,25.328333333,0.385811056,9.771951019
2,9000,0,0,2,6000,1,25.393333333,0.385933889,9.800147885
2,9000,0,0,2,6000,2,25.061388889,0.383203167,9.603603583
2,9000,0,0,2,6000,3,25.584444444,0.385851111,9.871786316
2,9000,0,0,2,6000,4,25.501388889,0.383538778,9.780771526
2,9000,0,0,2,6000,5,25.271111111,0.385175444,9.733811454
2,9000,0,0,2,6000,6,25.276111111,0.384208444,9.711295332
2,9000,0,0,2,6000,8,25.219444444,0.384513167,9.697208445
2,9000,0,0,2,6000,7,25.196388889,0.384643722,9.691632809
2,9000,0,0,2,6000,9,25.256388889,0.384689111,9.715857792
2,9000,0,0,2,6000,10,25.380277778,0.384208056,9.751307174
2,9000,0,0,2,6000,11,25.253611111,0.385171556,9.726972675
2,9000,0,0,2,6000,12,25.382222222,0.385091889,9.774487900
2,9000,0,0,2,6000,13,25.499444444,0.386769556,9.862408795
2,9000,0,0,2,6000,14,25.375000000,0.384003611,9.744091632
2,9000,0,0,2,6000,15,24.949444444,0.382680333,9.547661716
2,9000,0,0,2,7000,0,25.319166667,0.385800056,9.768135907
2,9000,0,0,2,7000,1,25.288055556,0.386059944,9.762705323
2,9000,0,0,2,7000,2,25.066944444,0.383214611,9.606019367
2,9000,0,0,2,7000,3,25.598888889,0.385585444,9.870558950
2,9000,0,0,2,7000,4,25.580833333,0.383628111,9.813526772
2,9000,0,0,2,7000,5,25.348888889,0.385236833,9.765325684
2,9000,0,0,2,7000,6,25.419444444,0.384077389,9.763033849
2,9000,0,0,2,7000,7,25.130833333,0.384554722,9.664180632
2,9000,0,0,2,7000,8,25.234444444,0.384700056,9.707692180
2,9000,0,0,2,7000,9,25.328611111,0.384586722,9.741047526
2,9000,0,0,2,7000,10,25.368055556,0.384260500,9.747941712
2,9000,0,0,2,7000,11,25.347777778,0.385211444,9.764254091
2,9000,0,0,2,7000,12,25.405000000,0.385220444,9.786525391
2,9000,0,0,4,3000,0,25.280277778,0.385899778,9.755653577
2,9000,0,0,2,7000,13,25.568055556,0.386924778,9.892914214
2,9000,0,0,2,7000,14,25.266666667,0.383948389,9.701095959
2,9000,0,0,2,7000,15,25.022500000,0.382574167,9.572962085
2,9000,0,0,4,3000,1,25.315277778,0.386081722,9.773766043
2,9000,0,0,4,3000,2,25.156666667,0.383134278,9.638381315
2,9000,0,0,4,3000,3,25.635833333,0.385819667,9.890808671
2,9000,0,0,4,3000,4,25.510277778,0.383610167,9.786001910
2,9000,0,0,4,3000,5,25.413333333,0.385221056,9.789751092
2,9000,0,0,4,3000,6,25.364722222,0.384177667,9.744559799
2,9000,0,0,4,3000,7,25.061944444,0.384727333,9.642015054
2,9000,0,0,4,3000,8,25.220833333,0.384756833,9.703887967
2,9000,0,0,4,3000,9,25.140277778,0.384694056,9.671315416
2,9000,0,0,4,3000,10,25.360555556,0.384316056,9.746468678
2,9000,0,0,4,3000,11,25.282222222,0.385168833,9.737924037
2,9000,0,0,4,3000,12,25.521388889,0.385351056,9.834694148
2,9000,0,0,4,3000,13,25.366944444,0.386855056,9.813330702
2,9000,0,0,4,3000,14,25.455833333,0.383974389,9.774388048
2,9000,0,0,4,3000,15,25.002500000,0.382889444,9.573193335
2,9000,0,0,4,4000,0,25.169722222,0.385822167,9.711036762
2,9000,0,0,4,4000,1,25.287222222,0.385882944,9.757907768
2,9000,0,0,4,4000,2,25.209166667,0.383434222,9.666057214
2,9000,0,0,4,4000,3,25.518333333,0.385763667,9.844045834
2,9000,0,0,4,4000,4,25.614722222,0.383604611,9.825925557
2,9000,0,0,4,4000,5,25.542222222,0.385238111,9.839837442
2,9000,0,0,4,4000,6,25.268888889,0.384083611,9.705366093
2,9000,0,0,4,4000,7,25.401388889,0.384636944,9.770312607
2,9000,0,0,4,4000,8,25.295555556,0.384631500,9.729467477
2,9000,0,0,4,4000,10,25.376111111,0.384249944,9.750769285
2,9000,0,0,4,4000,9,25.371666667,0.384523389,9.755999248
2,9000,0,0,4,4000,11,25.425555556,0.385170444,9.793172534
2,9000,0,0,4,4000,12,25.486666667,0.385155667,9.816334091
2,9000,0,0,4,4000,13,25.500000000,0.386797611,9.863339083
2,9000,0,0,4,4000,14,25.664722222,0.384033833,9.856121656
2,9000,0,0,4,4000,15,24.953611111,0.382735833,9.550641143
2,9000,0,0,4,5000,0,25.434722222,0.385593444,9.807462150
2,9000,0,0,4,5000,1,25.421666667,0.385846444,9.808859695
2,9000,0,0,4,5000,2,25.131944444,0.383119278,9.628532405
2,9000,0,0,4,5000,3,25.473055556,0.385574333,9.821756414
2,9000,0,0,4,5000,4,25.496111111,0.383521389,9.778303945
2,9000,0,0,4,5000,5,25.344722222,0.385251667,9.764096477
2,9000,0,0,4,5000,6,25.272222222,0.384266778,9.711275401
2,9000,0,0,4,5000,7,25.124722222,0.384560889,9.661985511
2,9000,0,0,4,5000,8,25.242222222,0.384711111,9.710963358
2,9000,0,0,4,5000,9,25.179722222,0.384594167,9.683974285
2,9000,0,0,4,5000,10,25.486666667,0.384268611,9.793726002
2,9000,0,0,4,5000,11,25.372777778,0.385168000,9.772782071
2,9000,0,0,4,5000,12,25.402500000,0.385093333,9.782333400
2,9000,0,0,4,5000,13,25.462777778,0.386799778,9.848996786
2,9000,0,0,4,5000,14,25.457777778,0.383918778,9.773718929
2,9000,0,0,4,5000,15,24.893888889,0.382842056,9.530427593
2,9000,0,0,4,6000,0,25.305833333,0.385805167,9.763121247
2,9000,0,0,4,6000,1,25.261111111,0.385906611,9.748429782
2,9000,0,0,4,6000,2,25.281111111,0.383318000,9.690704949
2,9000,0,0,4,6000,3,25.521944444,0.385865000,9.848025093
2,9000,0,0,4,6000,4,25.540000000,0.383472167,9.793879137
2,9000,0,0,4,6000,5,25.263611111,0.384970333,9.725740791
2,9000,0,0,4,6000,6,25.419166667,0.384063167,9.762565644
2,9000,0,0,4,6000,7,25.329166667,0.384641000,9.742635996
2,9000,0,0,4,6000,8,25.155277778,0.384595444,9.674605237
2,9000,0,0,4,6000,9,25.276666667,0.384439167,9.717340669
2,9000,0,0,4,6000,10,25.354166667,0.384249000,9.742313188
2,9000,0,0,4,6000,11,25.426111111,0.385316389,9.797097317
2,9000,0,0,4,6000,12,25.633055556,0.385312556,9.876738143
2,9000,0,0,4,6000,13,25.390833333,0.386711389,9.818924423
2,9000,0,0,4,6000,14,25.352222222,0.384053889,9.736619536
2,9000,0,0,4,6000,15,24.981944444,0.382632889,9.558913573
2,9000,0,0,4,7000,0,25.301111111,0.385801167,9.761198185
2,9000,0,0,4,7000,1,25.388055556,0.385897389,9.797184348
2,9000,0,0,4,7000,2,25.064722222,0.383215611,9.605192844
2,9000,0,0,4,7000,3,25.588333333,0.385559000,9.865812212
2,9000,0,0,4,7000,4,25.452500000,0.383599056,9.763554962
2,9000,0,0,4,7000,5,25.339444444,0.385235611,9.761656366
2,9000,0,0,4,7000,6,25.419444444,0.384073611,9.762937820
2,9000,0,0,4,7000,7,25.263055556,0.384553222,9.714989417
2,9000,0,0,4,7000,8,25.273333333,0.384646056,9.721287977
2,9000,0,0,4,7000,9,25.259444444,0.384677556,9.716741344
2,9000,0,0,4,7000,10,25.428055556,0.384150167,9.768191780
2,9000,0,0,4,7000,11,25.226944444,0.385357889,9.721402054
2,9000,0,0,4,7000,12,25.453333333,0.385180389,9.804124832
2,10000,0,0,0,0,0,25.097777778,0.385777167,9.682149601
2,10000,0,0,0,0,1,25.316944444,0.385710056,9.765000048
2,10000,0,0,0,0,2,25.208888889,0.383102944,9.657599560
2,10000,0,0,0,0,3,25.759166667,0.385622500,9.933314248
2,10000,0,0,0,0,4,25.459444444,0.383434444,9.762027936
2,10000,0,0,0,0,5,25.293611111,0.384894722,9.735377423
2,9000,0,0,4,7000,13,25.578333333,0.386921778,9.896814206
2,10000,0,0,0,0,6,25.274444444,0.384064889,9.707026697
2,10000,0,0,0,0,7,25.180833333,0.384596111,9.684450575
2,9000,0,0,4,7000,14,25.287222222,0.383974944,9.709659748
2,10000,0,0,0,0,8,25.156944444,0.384499167,9.672824175
2,10000,0,0,0,0,9,25.112222222,0.384560722,9.657174314
2,10000,0,0,0,0,10,25.383055556,0.384279056,9.754176616
2,10000,0,0,0,0,11,25.487777778,0.385069111,9.814555933
2,10000,0,0,0,0,12,25.403888889,0.385171556,9.784855400
2,10000,0,0,0,0,13,25.426388889,0.386728556,9.833110648
2,10000,0,0,0,0,14,25.493611111,0.383946333,9.788178510
2,10000,0,0,0,0,15,25.287500000,0.382904111,9.682687710
2,9000,0,0,4,7000,15,25.133055556,0.382655444,9.617300544
2,10000,0,0,1,3000,2,25.140555556,0.383233222,9.634696114
2,10000,0,0,1,3000,1,25.348888889,0.385843167,9.780695560
2,10000,0,0,1,3000,0,25.524722222,0.385776111,9.846828076
2,10000,0,0,1,3000,3,25.762222222,0.385822222,9.939637827
2,10000,0,0,1,3000,4,25.423055556,0.383497000,9.749665536
2,10000,0,0,1,3000,5,25.210000000,0.384880056,9.702826201
2,10000,0,0,1,3000,7,25.095833333,0.384507667,9.649540318
2,10000,0,0,1,3000,6,25.356111111,0.384004944,9.736872039
2,10000,0,0,1,3000,9,25.204444444,0.384438722,9.689564417
2,10000,0,0,1,3000,8,25.183055556,0.384459167,9.681856553
2,10000,0,0,1,3000,10,25.370000000,0.384101833,9.744663512
2,10000,0,0,1,3000,11,25.556111111,0.385027056,9.839794213
2,10000,0,0,1,3000,12,25.681111111,0.385305778,9.895080491
2,10000,0,0,1,3000,13,25.503888889,0.386645056,9.860952536
2,10000,0,0,1,3000,14,25.488055556,0.383794056,9.782164210
2,10000,0,0,1,3000,15,25.142500000,0.382924611,9.627682035
2,10000,0,0,1,4000,0,25.240000000,0.385600444,9.732555218
2,10000,0,0,1,4000,1,25.233611111,0.385613444,9.730419696
2,10000,0,0,1,4000,2,25.135555556,0.383214667,9.632313544
2,10000,0,0,1,4000,3,25.757222222,0.385637444,9.932949354
2,10000,0,0,1,4000,5,25.216388889,0.385060778,9.709842318
2,10000,0,0,1,4000,4,25.615277778,0.383454889,9.822303494
2,10000,0,0,1,4000,6,25.266388889,0.384126556,9.705490935
2,10000,0,0,1,4000,7,25.022777778,0.384588500,9.623472571
2,10000,0,0,1,4000,9,25.267777778,0.384326833,9.711085019
2,10000,0,0,1,4000,8,25.579444444,0.384480111,9.834787642
2,10000,0,0,1,4000,10,25.533333333,0.384085111,9.806973170
2,10000,0,0,1,4000,11,25.505555556,0.385086389,9.821842285
2,10000,0,0,1,4000,12,25.447222222,0.385074000,9.799063650
2,10000,0,0,1,4000,13,25.425000000,0.386563222,9.828369925
2,10000,0,0,1,4000,14,25.408333333,0.383651167,9.747936726
2,10000,0,0,1,4000,15,24.894722222,0.382679944,9.526710917
2,10000,0,0,1,5000,0,25.174166667,0.385673722,9.709014562
2,10000,0,0,1,5000,1,25.389166667,0.385790167,9.794890840
2,10000,0,0,1,5000,2,25.102222222,0.383025278,9.614785640
2,10000,0,0,1,5000,3,25.877222222,0.385590667,9.978015368
2,10000,0,0,1,5000,4,25.580000000,0.383491556,9.809713991
2,10000,0,0,1,5000,5,25.460000000,0.384925278,9.800197572
2,10000,0,0,1,5000,6,25.232500000,0.384180389,9.693831663
2,10000,0,0,1,5000,7,25.173055556,0.384599000,9.681531994
2,10000,0,0,1,5000,8,25.248611111,0.384559167,9.709584848
2,10000,0,0,1,5000,9,25.203611111,0.384439611,9.689266454
2,10000,0,0,1,5000,10,25.745277778,0.384175667,9.890709254
2,10000,0,0,1,5000,11,25.365555556,0.385040889,9.766776058
2,10000,0,0,1,5000,12,25.419722222,0.385104000,9.789236707
2,10000,0,0,1,5000,13,25.393888889,0.386785056,9.821976725
2,10000,0,0,1,5000,14,25.543333333,0.383729500,9.801730528
2,10000,0,0,1,5000,15,25.093888889,0.382577722,9.600362853
2,10000,0,0,1,6000,0,25.304166667,0.385693944,9.759663853
2,10000,0,0,1,6000,1,25.358333333,0.385824389,9.783863462
2,10000,0,0,1,6000,2,25.210277778,0.383288056,9.662798349
2,10000,0,0,1,6000,3,25.730000000,0.385670278,9.923296247
2,10000,0,0,1,6000,4,25.463611111,0.383450056,9.764023095
2,10000,0,0,1,6000,5,25.380555556,0.385000000,9.771513889
2,10000,0,0,1,6000,6,25.423888889,0.384137444,9.766267706
2,10000,0,0,1,6000,7,25.248888889,0.384297056,9.703073656
2,10000,0,0,1,6000,8,25.323888889,0.384625667,9.740217646
2,10000,0,0,1,6000,9,25.353333333,0.384425389,9.746465026
2,10000,0,0,1,6000,10,25.362222222,0.384141944,9.742693360
2,10000,0,0,1,6000,11,25.532222222,0.385031833,9.830718331
2,10000,0,0,1,6000,12,25.351666667,0.385224833,9.766091566
2,10000,0,0,1,6000,13,25.464166667,0.386691500,9.846776805
2,10000,0,0,1,6000,14,25.494166667,0.383761722,9.783685307
2,10000,0,0,1,6000,15,25.013888889,0.382500222,9.567818059
2,10000,0,0,1,7000,0,25.109166667,0.385773833,9.686459477
2,10000,0,0,1,7000,1,25.318611111,0.385703722,9.765482547
2,10000,0,0,1,7000,2,25.321388889,0.383152667,9.701957676
2,10000,0,0,1,7000,3,25.703055556,0.385667333,9.912828895
2,10000,0,0,1,7000,4,25.556111111,0.383543667,9.801884561
2,10000,0,0,1,7000,5,25.389166667,0.384980444,9.774332667
2,10000,0,0,1,7000,6,25.315555556,0.384023778,9.721775281
2,10000,0,0,1,7000,7,25.436388889,0.384265000,9.774313976
2,10000,0,0,1,7000,8,25.137222222,0.384483944,9.664858352
2,10000,0,0,1,7000,9,25.165277778,0.384285500,9.670651353
2,10000,0,0,1,7000,10,25.392777778,0.384100444,9.753377230
2,10000,0,0,1,7000,11,25.384722222,0.385245778,9.779357056
2,10000,0,0,1,7000,12,25.408055556,0.385352278,9.791052082
2,10000,0,0,1,7000,13,25.470833333,0.386688833,9.849286826
2,10000,0,0,2,3000,0,25.127500000,0.385751667,9.692975004
2,10000,0,0,1,7000,14,25.416666667,0.384032556,9.760827454
2,10000,0,0,1,7000,15,24.992222222,0.382710667,9.564790028
2,10000,0,0,2,3000,1,25.303333333,0.385716111,9.759903331
2,10000,0,0,2,3000,2,25.088055556,0.383070444,9.610492592
2,10000,0,0,2,3000,3,25.465833333,0.385664444,9.821266465
2,10000,0,0,2,3000,4,25.458888889,0.383473056,9.762797913
2,10000,0,0,2,3000,5,25.192222222,0.384879278,9.695964295
2,10000,0,0,2,3000,6,25.376388889,0.383994778,9.744400812
2,10000,0,0,2,3000,7,25.133888889,0.384462056,9.663026586
2,10000,0,0,2,3000,8,25.523888889,0.384427778,9.812091886
2,10000,0,0,2,3000,9,25.201666667,0.384425611,9.688166109
2,10000,0,0,2,3000,10,25.358055556,0.384166778,9.741722493
2,10000,0,0,2,3000,11,25.337777778,0.384941389,9.753559369
2,10000,0,0,2,3000,12,25.446388889,0.385068389,9.798599972
2,10000,0,0,2,3000,13,25.578611111,0.386751111,9.892556268
2,10000,0,0,2,3000,15,24.886388889,0.382701167,9.524050062
2,10000,0,0,2,3000,14,25.567500000,0.383856222,9.814243962
2,10000,0,0,2,4000,0,25.343333333,0.385835944,9.778368952
2,10000,0,0,2,4000,1,25.200555556,0.385658389,9.718805655
2,10000,0,0,2,4000,2,25.236111111,0.383254444,9.671851744
2,10000,0,0,2,4000,3,25.570000000,0.385482056,9.856776161
2,10000,0,0,2,4000,4,25.417777778,0.383310611,9.742903933
2,10000,0,0,2,4000,5,25.435833333,0.385185944,9.797525485
2,10000,0,0,2,4000,7,25.118888889,0.384456056,9.657108942
2,10000,0,0,2,4000,6,25.323888889,0.384041778,9.725431309
2,10000,0,0,2,4000,8,25.141111111,0.384309000,9.661955270
2,10000,0,0,2,4000,9,25.179444444,0.384484444,9.681104709
2,10000,0,0,2,4000,10,25.478611111,0.384179556,9.788361493
2,10000,0,0,2,4000,11,25.234722222,0.385241833,9.721470653
2,10000,0,0,2,4000,12,25.450000000,0.385070889,9.800054122
2,10000,0,0,2,4000,13,25.513055556,0.386665389,9.865015548
2,10000,0,0,2,4000,14,25.566666667,0.383855056,9.813894254
2,10000,0,0,2,4000,15,24.964722222,0.382579944,9.551002041
2,10000,0,0,2,5000,0,25.390000000,0.385430167,9.786071932
2,10000,0,0,2,5000,1,25.484444444,0.385814722,9.832273854
2,10000,0,0,2,5000,2,25.290555556,0.383155222,9.690208434
2,10000,0,0,2,5000,3,25.825000000,0.385521667,9.956097042
2,10000,0,0,2,5000,4,25.537777778,0.383533278,9.794587618
2,10000,0,0,2,5000,5,25.248888889,0.384998500,9.720784349
2,10000,0,0,2,5000,6,25.467222222,0.384018833,9.779892966
2,10000,0,0,2,5000,7,25.212777778,0.384545056,9.695449031
2,10000,0,0,2,5000,8,25.491666667,0.384372444,9.798294230
2,10000,0,0,2,5000,9,25.158333333,0.384714444,9.678774231
2,10000,0,0,2,5000,10,25.474444444,0.384196222,9.787185319
2,10000,0,0,2,5000,11,25.388055556,0.385226111,9.780141910
2,10000,0,0,2,5000,12,25.546666667,0.385167278,9.839740056
2,10000,0,0,2,5000,13,25.620277778,0.386680167,9.906853281
2,10000,0,0,2,5000,14,25.408611111,0.383654611,9.748130815
2,10000,0,0,2,5000,15,25.246666667,0.382779667,9.663910651
2,10000,0,0,2,6000,0,25.304166667,0.385689056,9.759540143
2,10000,0,0,2,6000,1,25.190277778,0.385831222,9.719195663
2,10000,0,0,2,6000,2,25.064722222,0.383105278,9.602427369
2,10000,0,0,2,6000,3,25.785555556,0.385570222,9.942142386
2,10000,0,0,2,6000,4,25.540277778,0.383354167,9.790971904
2,10000,0,0,2,6000,5,25.335555556,0.385106833,9.756895571
2,10000,0,0,2,6000,7,25.204166667,0.384169000,9.682659504
2,10000,0,0,2,6000,6,25.422222222,0.384124000,9.765285689
2,10000,0,0,2,6000,8,25.135833333,0.384492444,9.664538001
2,10000,0,0,2,6000,9,25.356666667,0.384412944,9.747430895
2,10000,0,0,2,6000,10,25.362500000,0.384131611,9.742537987
2,10000,0,0,2,6000,11,25.357500000,0.385289778,9.769985540
2,10000,0,0,2,6000,12,25.405000000,0.385189278,9.785733602
2,10000,0,0,2,6000,13,25.466111111,0.386676222,9.847139639
2,10000,0,0,2,6000,14,25.568888889,0.383860500,9.814886473
2,10000,0,0,2,6000,15,24.907222222,0.382616278,9.529908656
2,10000,0,0,2,7000,0,25.173611111,0.385690333,9.709218461
2,10000,0,0,2,7000,1,25.457222222,0.385695000,9.818723325
2,10000,0,0,2,7000,2,25.208888889,0.383280833,9.662083941
2,10000,0,0,2,7000,3,25.743888889,0.385620278,9.927365584
2,10000,0,0,2,7000,4,25.556111111,0.383547556,9.801983946
2,10000,0,0,2,7000,5,25.273333333,0.384955333,9.729104458
2,10000,0,0,2,7000,6,25.219444444,0.383985444,9.683899584
2,10000,0,0,2,7000,7,25.356666667,0.384349944,9.745833425
2,10000,0,0,2,7000,8,25.146388889,0.384484833,9.668405141
2,10000,0,0,2,7000,9,25.142777778,0.384521500,9.667938625
2,10000,0,0,2,7000,10,25.399166667,0.384293444,9.760733244
2,10000,0,0,2,7000,11,25.243333333,0.385227944,9.724437411
2,10000,0,0,2,7000,12,25.389166667,0.385160556,9.778905538
2,10000,0,0,2,7000,13,25.470833333,0.386688333,9.849274090
2,10000,0,0,2,7000,14,25.455000000,0.383980778,9.774230698
2,10000,0,0,4,3000,0,25.213333333,0.385861889,9.728864425
2,10000,0,0,2,7000,15,24.892500000,0.382678889,9.525834242
2,10000,0,0,4,3000,1,25.238611111,0.385630389,9.732775418
2,10000,0,0,4,3000,2,25.061666667,0.383124833,9.601746865
2,10000,0,0,4,3000,3,25.619444444,0.385650167,9.880143020
2,10000,0,0,4,3000,4,25.542500000,0.383345389,9.791599596
2,10000,0,0,4,3000,5,25.281944444,0.384977889,9.732989599
2,10000,0,0,4,3000,6,25.281388889,0.384103389,9.710667148
2,10000,0,0,4,3000,7,25.216388889,0.384520444,9.696217063
2,10000,0,0,4,3000,8,25.224166667,0.384589889,9.700959456
2,10000,0,0,4,3000,9,25.368055556,0.384633278,9.757398359
2,10000,0,0,4,3000,10,25.376111111,0.384104000,9.747065782
2,10000,0,0,4,3000,11,25.353888889,0.385123556,9.764379836
2,10000,0,0,4,3000,12,25.372777778,0.385152056,9.772377516
2,10000,0,0,4,3000,13,25.402222222,0.386806111,9.825734791
2,10000,0,0,4,3000,14,25.397500000,0.383725722,9.745674030
2,10000,0,0,4,3000,15,24.991944444,0.382752333,9.565725051
2,10000,0,0,4,4000,0,25.128333333,0.385745222,9.693134526
2,10000,0,0,4,4000,1,25.386944444,0.385793278,9.794112510
2,10000,0,0,4,4000,2,25.383888889,0.383247667,9.728316188
2,10000,0,0,4,4000,4,25.545277778,0.383373278,9.793376873
2,10000,0,0,4,4000,3,25.805000000,0.385769333,9.954777647
2,10000,0,0,4,4000,5,25.204444444,0.384898389,9.701150060
2,10000,0,0,4,4000,6,25.195555556,0.384001056,9.675119929
2,10000,0,0,4,4000,7,25.147222222,0.384424667,9.667212520
2,10000,0,0,4,4000,8,25.298888889,0.384255500,9.721237199
2,10000,0,0,4,4000,9,25.423333333,0.384300333,9.770195474
2,10000,0,0,4,4000,10,25.689444444,0.384035667,9.865662924
2,10000,0,0,4,4000,11,25.196666667,0.385109556,9.703477101
2,10000,0,0,4,4000,12,25.556111111,0.385314333,9.847135915
2,10000,0,0,4,4000,13,25.424444444,0.386743333,9.832734393
2,10000,0,0,4,4000,14,25.390000000,0.383931389,9.748017964
2,10000,0,0,4,4000,15,25.359166667,0.382811111,9.707770769
2,10000,0,0,4,5000,0,25.419722222,0.385723222,9.804977164
2,10000,0,0,4,5000,1,25.192777778,0.385634667,9.715208461
2,10000,0,0,4,5000,2,25.267777778,0.383183167,9.682187104
2,10000,0,0,4,5000,3,25.876944444,0.385796000,9.983221659
2,10000,0,0,4,5000,4,25.646388889,0.383222556,9.828274691
2,10000,0,0,4,5000,5,25.277500000,0.384957500,9.730763206
2,10000,0,0,4,5000,6,25.455555556,0.383890000,9.772133222
2,10000,0,0,4,5000,7,25.038333333,0.384342167,9.623287283
2,10000,0,0,4,5000,8,25.244444444,0.384537000,9.707422933
2,10000,0,0,4,5000,9,25.241388889,0.384373722,9.702126601
2,10000,0,0,4,5000,10,25.453055556,0.384184056,9.778658110
2,10000,0,0,4,5000,11,25.381388889,0.385228889,9.777644240
2,10000,0,0,4,5000,12,25.396944444,0.385148722,9.781600701
2,10000,0,0,4,5000,13,25.507222222,0.386840889,9.867236518
2,10000,0,0,4,5000,14,25.581111111,0.383798944,9.818003442
2,10000,0,0,4,5000,15,24.993333333,0.382531389,9.560734513
2,10000,0,0,4,6000,0,25.505555556,0.386058722,9.846642187
2,10000,0,0,4,6000,1,25.318888889,0.385712111,9.765802084
2,10000,0,0,4,6000,2,25.232777778,0.383241833,9.670256016
2,10000,0,0,4,6000,3,25.839722222,0.385708667,9.966604805
2,10000,0,0,4,6000,4,25.580833333,0.383494389,9.810106046
2,10000,0,0,4,6000,5,25.271111111,0.384952111,9.728167572
2,10000,0,0,4,6000,6,25.231111111,0.384174278,9.693143889
2,10000,0,0,4,6000,7,25.267500000,0.384260556,9.709303587
2,10000,0,0,4,6000,8,25.189722222,0.384451444,9.684225093
2,10000,0,0,4,6000,9,25.243611111,0.384387667,9.703332773
2,10000,0,0,4,6000,10,25.445000000,0.383998333,9.770837592
2,10000,0,0,4,6000,12,25.431388889,0.385299556,9.798702836
2,10000,0,0,4,6000,11,25.241388889,0.385422111,9.728589393
2,10000,0,0,4,6000,13,25.514444444,0.386834667,9.869871612
2,10000,0,0,4,6000,14,25.426388889,0.384040556,9.764764515
2,10000,0,0,4,6000,15,24.931388889,0.382621778,9.539292339
2,10000,0,0,4,7000,0,25.173611111,0.385699500,9.709449219
2,10000,0,0,4,7000,1,25.358055556,0.385839556,9.784140885
2,10000,0,0,4,7000,2,25.149166667,0.383149722,9.635896222
2,10000,0,0,4,7000,4,25.556111111,0.383546278,9.801951291
2,10000,0,0,4,7000,3,25.914444444,0.385543278,9.991139853
2,10000,0,0,4,7000,5,25.323888889,0.385109444,9.752468781
2,10000,0,0,4,7000,6,25.218333333,0.383965667,9.682974171
2,10000,0,0,4,7000,7,25.180833333,0.384601889,9.684596064
2,10000,0,0,4,7000,8,25.260277778,0.384542667,9.713654577
2,10000,0,0,4,7000,9,25.210833333,0.384610667,9.696355416
2,10000,0,0,4,7000,10,25.383055556,0.384277833,9.754145592
2,10000,0,0,4,7000,12,25.330833333,0.385202222,9.757493291
2,10000,0,0,4,7000,11,25.425833333,0.385183889,9.793621362
2,11000,0,0,0,0,0,25.173611111,0.385788333,9.711685475
2,11000,0,0,0,0,1,25.355833333,0.385925944,9.785473926
2,10000,0,0,4,7000,13,25.470833333,0.386682667,9.849129756
2,11000,0,0,0,0,2,25.069166667,0.383330944,9.609787335
2,11000,0,0,0,0,3,25.825833333,0.385627667,9.959155848
2,11000,0,0,0,0,4,25.486944444,0.383566722,9.775943740
2,11000,0,0,0,0,5,25.261666667,0.385308944,9.733546118
2,11000,0,0,0,0,6,25.311388889,0.383934111,9.717905594
2,10000,0,0,4,7000,14,25.455000000,0.383988778,9.774434338
2,11000,0,0,0,0,7,25.269444444,0.384747889,9.722365403
2,11000,0,0,0,0,8,25.567777778,0.384785722,9.838115838
2,11000,0,0,0,0,9,25.148333333,0.384420167,9.667526491
2,11000,0,0,0,0,10,25.454722222,0.384286833,9.781914596
2,11000,0,0,0,0,11,25.347500000,0.385395056,9.768801171
2,11000,0,0,0,0,12,25.498333333,0.385318778,9.824986635
2,11000,0,0,0,0,13,25.657777778,0.386732667,9.922700821
2,11000,0,0,0,0,14,25.463333333,0.384118778,9.780944478
2,11000,0,0,0,0,15,25.071111111,0.382711556,9.595003933
2,10000,0,0,4,7000,15,24.995000000,0.382699778,9.565580946
2,11000,0,0,1,3000,1,25.243333333,0.385912778,9.741724887
2,11000,0,0,1,3000,0,25.354166667,0.385762000,9.780674042
2,11000,0,0,1,3000,3,25.628611111,0.385944056,9.891210110
2,11000,0,0,1,3000,2,25.318055556,0.383267000,9.703575199
2,11000,0,0,1,3000,4,25.543333333,0.383696667,9.800891856
2,11000,0,0,1,3000,5,25.487500000,0.385183778,9.817371536
2,11000,0,0,1,3000,6,25.352777778,0.384105056,9.738130117
2,11000,0,0,1,3000,7,25.199444444,0.384465167,9.688308608
2,11000,0,0,1,3000,8,25.370833333,0.384710056,9.760414701
2,11000,0,0,1,3000,10,25.534444444,0.384229000,9.811074054
2,11000,0,0,1,3000,9,25.417777778,0.384449722,9.771857606
2,11000,0,0,1,3000,11,25.275555556,0.385316056,9.739077369
2,11000,0,0,1,3000,12,25.495555556,0.385134611,9.819220874
2,11000,0,0,1,3000,14,25.451388889,0.383949167,9.772039554
2,11000,0,0,1,3000,15,24.953611111,0.382897167,9.554666993
2,11000,0,0,1,3000,13,25.431666667,0.386854833,9.838363170
2,11000,0,0,1,4000,0,25.123055556,0.385636944,9.688378380
2,11000,0,0,1,4000,1,25.470555556,0.385991333,9.831413700
2,11000,0,0,1,4000,2,25.270277778,0.383297667,9.686038508
2,11000,0,0,1,4000,3,25.825555556,0.385830111,9.964276970
2,11000,0,0,1,4000,4,25.645833333,0.383515667,9.835578868
2,11000,0,0,1,4000,6,25.250833333,0.384057667,9.697776131
2,11000,0,0,1,4000,7,25.205555556,0.384644444,9.695176914
2,11000,0,0,1,4000,5,25.563055556,0.385079944,9.843820013
2,11000,0,0,1,4000,8,25.313611111,0.384538389,9.734055234
2,11000,0,0,1,4000,10,25.557500000,0.384166611,9.818338163
2,11000,0,0,1,4000,9,25.313055556,0.384590111,9.735150849
2,11000,0,0,1,4000,11,25.390555556,0.385366944,9.784680812
2,11000,0,0,1,4000,12,25.390000000,0.385277222,9.782188672
2,11000,0,0,1,4000,13,25.431388889,0.387098056,9.844441189
2,11000,0,0,1,4000,14,25.610000000,0.384121278,9.837345924
2,11000,0,0,1,4000,15,25.133888889,0.382639556,9.617220074
2,11000,0,0,1,5000,0,25.308611111,0.385792167,9.763863916
2,11000,0,0,1,5000,1,25.389166667,0.385888111,9.797377568
2,11000,0,0,1,5000,2,25.286111111,0.383239167,9.690628150
2,11000,0,0,1,5000,3,25.621388889,0.385925500,9.887947318
2,11000,0,0,1,5000,4,25.609166667,0.383556556,9.822563757
2,11000,0,0,1,5000,5,25.293611111,0.385271278,9.744901872
2,11000,0,0,1,5000,6,25.317500000,0.384141722,9.725508052
2,11000,0,0,1,5000,7,25.196666667,0.384632722,9.691462491
2,11000,0,0,1,5000,8,25.192222222,0.384494167,9.686262490
2,11000,0,0,1,5000,9,25.123611111,0.384417389,9.657952983
2,11000,0,0,1,5000,10,25.374166667,0.384201333,9.748788666
2,11000,0,0,1,5000,11,25.651666667,0.385601889,9.891331120
2,11000,0,0,1,5000,12,25.390277778,0.385068278,9.776990536
2,11000,0,0,1,5000,13,25.581666667,0.386836944,9.895933767
2,11000,0,0,1,5000,14,25.525833333,0.384036833,9.802860202
2,11000,0,0,1,5000,15,24.993611111,0.382622389,9.563115190
2,11000,0,0,1,6000,0,25.089444444,0.385869778,9.681258352
2,11000,0,0,1,6000,1,25.316388889,0.385982889,9.771692920
2,11000,0,0,1,6000,2,25.393888889,0.383272556,9.732780690
2,11000,0,0,1,6000,3,25.693888889,0.385926667,9.915956893
2,11000,0,0,1,6000,4,25.652222222,0.383305722,9.832643565
2,11000,0,0,1,6000,5,25.344166667,0.384942333,9.756042653
2,11000,0,0,1,6000,6,25.317500000,0.384152667,9.725785138
2,11000,0,0,1,6000,7,25.161388889,0.384509111,9.674783276
2,11000,0,0,1,6000,8,25.201944444,0.384489611,9.689885819
2,11000,0,0,1,6000,9,25.140277778,0.384628222,9.669660348
2,11000,0,0,1,6000,10,25.638611111,0.384245833,9.851529492
2,11000,0,0,1,6000,11,25.393888889,0.385340167,9.785285377
2,11000,0,0,1,6000,12,25.612777778,0.385112333,9.863796613
2,11000,0,0,1,6000,14,25.234166667,0.383836278,9.685788606
2,11000,0,0,1,6000,13,25.483333333,0.386783833,9.856541353
2,11000,0,0,1,6000,15,25.021388889,0.382566889,9.572354903
2,11000,0,0,1,7000,0,25.140277778,0.385841667,9.700166678
2,11000,0,0,1,7000,1,25.417777778,0.385838278,9.807151603
2,11000,0,0,1,7000,2,25.399444444,0.383285389,9.735235941
2,11000,0,0,1,7000,3,25.792500000,0.385673833,9.947492346
2,11000,0,0,1,7000,4,25.451111111,0.383617722,9.763497272
2,11000,0,0,1,7000,5,25.333055556,0.385190944,9.758063595
2,11000,0,0,1,7000,6,25.384166667,0.384036444,9.748445112
2,11000,0,0,1,7000,7,25.125000000,0.384558000,9.662019750
2,11000,0,0,1,7000,8,25.185277778,0.384554222,9.685104907
2,11000,0,0,1,7000,9,25.211388889,0.384527389,9.694469540
2,11000,0,0,1,7000,10,25.483055556,0.384057556,9.786960025
2,11000,0,0,1,7000,11,25.276666667,0.385307167,9.739280816
2,11000,0,0,1,7000,12,25.766111111,0.385306833,9.927858680
2,11000,0,0,1,7000,13,25.581666667,0.386632333,9.890699474
2,11000,0,0,2,3000,0,25.398055556,0.385718222,9.796492837
2,11000,0,0,1,7000,14,25.465000000,0.384111611,9.781402177
2,11000,0,0,1,7000,15,25.031944444,0.382770611,9.581492672
2,11000,0,0,2,3000,2,25.183055556,0.383227833,9.650847817
2,11000,0,0,2,3000,1,25.539722222,0.385914722,9.856154807
2,11000,0,0,2,3000,3,25.612222222,0.385746056,9.879813696
2,11000,0,0,2,3000,4,25.593333333,0.383426944,9.813173598
2,11000,0,0,2,3000,6,25.162777778,0.383956000,9.661399504
2,11000,0,0,2,3000,5,25.248888889,0.385121556,9.723891365
2,11000,0,0,2,3000,7,25.168888889,0.384698056,9.682422616
2,11000,0,0,2,3000,8,25.222500000,0.384477333,9.697479540
2,11000,0,0,2,3000,10,25.526666667,0.384420389,9.812971127
2,11000,0,0,2,3000,9,25.236111111,0.384494667,9.703150130
2,11000,0,0,2,3000,11,25.315000000,0.385263444,9.752944096
2,11000,0,0,2,3000,12,25.566944444,0.385098944,9.845803318
2,11000,0,0,2,3000,14,25.317222222,0.383938278,9.720250698
2,11000,0,0,2,3000,13,25.462222222,0.386841611,9.849847067
2,11000,0,0,2,3000,15,24.978333333,0.382639667,9.557701141
2,11000,0,0,2,4000,0,25.267222222,0.385632667,9.743866285
2,11000,0,0,2,4000,1,25.356388889,0.385957833,9.786496917
2,11000,0,0,2,4000,3,25.679444444,0.385660778,9.903554517
2,11000,0,0,2,4000,2,25.442222222,0.383254056,9.750834849
2,11000,0,0,2,4000,4,25.606944444,0.383624222,9.823444146
2,11000,0,0,2,4000,5,25.248055556,0.385128556,9.723747167
2,11000,0,0,2,4000,7,25.119722222,0.384543722,9.659631485
2,11000,0,0,2,4000,6,25.349444444,0.383888056,9.731348937
2,11000,0,0,2,4000,8,25.138888889,0.384608889,9.668640123
2,11000,0,0,2,4000,9,25.187222222,0.384582778,9.686571887
2,11000,0,0,2,4000,10,25.303333333,0.384276444,9.723474966
2,11000,0,0,2,4000,11,25.416388889,0.385304889,9.793058897
2,11000,0,0,2,4000,12,25.404166667,0.385252611,9.787021541
2,11000,0,0,2,4000,13,25.546944444,0.386695722,9.878894133
2,11000,0,0,2,4000,14,25.266944444,0.383972167,9.701803403
2,11000,0,0,2,4000,15,24.954722222,0.382663333,9.549257188
2,11000,0,0,2,5000,0,25.133888889,0.385846167,9.697814681
2,11000,0,0,2,5000,1,25.609444444,0.385810222,9.880385452
2,11000,0,0,2,5000,2,25.253055556,0.383286278,9.679149666
2,11000,0,0,2,5000,3,25.819166667,0.385825833,9.961701495
2,11000,0,0,2,5000,4,25.551944444,0.383485333,9.798795933
2,11000,0,0,2,5000,5,25.339722222,0.385142111,9.759394112
2,11000,0,0,2,5000,6,25.322222222,0.384141278,9.727310801
2,11000,0,0,2,5000,7,25.061666667,0.384648000,9.639919960
2,11000,0,0,2,5000,8,25.210833333,0.384501667,9.693607435
2,11000,0,0,2,5000,9,25.350833333,0.384525611,9.748044680
2,11000,0,0,2,5000,10,25.531944444,0.384199667,9.809364545
2,11000,0,0,2,5000,11,25.368055556,0.385400889,9.776871160
2,11000,0,0,2,5000,12,25.576944444,0.385161556,9.851255709
2,11000,0,0,2,5000,13,25.579444444,0.386843056,9.895230448
2,11000,0,0,2,5000,14,25.614166667,0.383863667,9.832347935
2,11000,0,0,2,5000,15,25.016666667,0.382761722,9.575422418
2,11000,0,0,2,6000,0,25.261944444,0.385649500,9.742256244
2,11000,0,0,2,6000,1,25.283611111,0.385838833,9.755399014
2,11000,0,0,2,6000,2,25.171944444,0.383195722,9.645781431
2,11000,0,0,2,6000,4,25.511944444,0.383698000,9.788882059
2,11000,0,0,2,6000,3,25.784444444,0.385864000,9.949288871
2,11000,0,0,2,6000,5,25.216944444,0.385153111,9.712384605
2,11000,0,0,2,6000,6,25.193055556,0.384086333,9.676308334
2,11000,0,0,2,6000,7,25.379444444,0.384673556,9.762801132
2,11000,0,0,2,6000,8,25.451666667,0.384732278,9.792077690
2,11000,0,0,2,6000,9,25.169722222,0.384558667,9.679234818
2,11000,0,0,2,6000,10,25.452222222,0.384111722,9.776496912
2,11000,0,0,2,6000,12,25.413055556,0.385207556,9.789301010
2,11000,0,0,2,6000,11,25.495833333,0.385203111,9.821074320
2,11000,0,0,2,6000,14,25.423333333,0.383982389,9.762112267
2,11000,0,0,2,6000,13,25.755833333,0.386965389,9.966616062
2,11000,0,0,2,6000,15,25.307222222,0.382758111,9.686544575
2,11000,0,0,2,7000,0,25.278888889,0.385855667,9.754002525
2,11000,0,0,2,7000,1,25.321666667,0.385796389,9.769007561
2,11000,0,0,2,7000,2,25.436666667,0.383237500,9.748284542
2,11000,0,0,2,7000,4,25.543055556,0.383663389,9.799935257
2,11000,0,0,2,7000,3,25.792500000,0.385672556,9.947459389
2,11000,0,0,2,7000,5,25.265000000,0.385314667,9.734975053
2,11000,0,0,2,7000,6,25.351111111,0.384088389,9.737067423
2,11000,0,0,2,7000,8,25.186388889,0.384555444,9.685562973
2,11000,0,0,2,7000,7,25.352222222,0.384449333,9.746644932
2,11000,0,0,2,7000,9,25.330277778,0.384566222,9.741169233
2,11000,0,0,2,7000,10,25.488888889,0.384065500,9.789402856
2,11000,0,0,2,7000,12,25.383611111,0.385260222,9.779295657
2,11000,0,0,2,7000,11,25.376944444,0.385359333,9.779242393
2,11000,0,0,4,3000,0,25.191944444,0.385737889,9.717487467
2,11000,0,0,2,7000,13,25.581666667,0.386643111,9.890975187
2,11000,0,0,2,7000,14,25.438333333,0.384168333,9.772602119
2,11000,0,0,2,7000,15,24.908611111,0.382709944,9.532773175
2,11000,0,0,4,3000,1,25.354444444,0.385736222,9.780127617
2,11000,0,0,4,3000,2,25.325555556,0.383269222,9.706505980
2,11000,0,0,4,3000,4,25.413055556,0.383683389,9.750567278
2,11000,0,0,4,3000,3,25.922500000,0.385944611,10.004649182
2,11000,0,0,4,3000,5,25.204166667,0.384980833,9.703121087
2,11000,0,0,4,3000,6,25.149444444,0.383991167,9.657164513
2,11000,0,0,4,3000,7,25.154166667,0.384521000,9.672305321
2,11000,0,0,4,3000,8,25.459444444,0.384553500,9.790518469
2,11000,0,0,4,3000,9,25.404722222,0.384694611,9.773059736
2,11000,0,0,4,3000,10,25.418611111,0.384354778,9.769764625
2,11000,0,0,4,3000,11,25.478611111,0.385208222,9.814570491
2,11000,0,0,4,3000,12,25.371388889,0.385258222,9.774536179
2,11000,0,0,4,3000,13,25.578611111,0.386859333,9.895324442
2,11000,0,0,4,3000,14,25.442500000,0.383927000,9.768062697
2,11000,0,0,4,3000,15,24.953611111,0.382683278,9.549329692
2,11000,0,0,4,4000,0,25.398055556,0.386093944,9.806035451
2,11000,0,0,4,4000,1,25.302500000,0.385789500,9.761438824
2,11000,0,0,4,4000,2,25.223333333,0.383347389,9.669298972
2,11000,0,0,4,4000,4,25.462777778,0.383566778,9.766675625
2,11000,0,0,4,4000,3,25.761666667,0.385926778,9.942117007
2,11000,0,0,4,4000,5,25.290277778,0.385040611,9.737784011
2,11000,0,0,4,4000,6,25.289444444,0.384220611,9.716725799
2,11000,0,0,4,4000,8,25.183055556,0.384583722,9.684993242
2,11000,0,0,4,4000,7,25.151666667,0.384493278,9.670646758
2,11000,0,0,4,4000,9,25.403888889,0.384685778,9.772514756
2,11000,0,0,4,4000,10,25.513055556,0.383999778,9.797007664
2,11000,0,0,4,4000,11,25.306944444,0.385260944,9.749777318
2,11000,0,0,4,4000,12,25.495555556,0.385057556,9.817256300
2,11000,0,0,4,4000,13,25.786388889,0.386995056,9.979205001
2,11000,0,0,4,4000,14,25.231388889,0.384024000,9.689458887
2,11000,0,0,4,4000,15,24.921944444,0.382706778,9.537797054
2,11000,0,0,4,5000,0,25.418611111,0.385851778,9.807816286
2,11000,0,0,4,5000,1,25.359166667,0.385934833,9.786985761
2,11000,0,0,4,5000,3,25.841944444,0.385819278,9.970320342
2,11000,0,0,4,5000,2,25.291388889,0.383247167,9.692853133
2,11000,0,0,4,5000,4,25.538055556,0.383459500,9.792810014
2,11000,0,0,4,5000,5,25.310833333,0.384990389,9.744427568
2,11000,0,0,4,5000,7,25.065277778,0.384650444,9.641370237
2,11000,0,0,4,5000,6,25.388333333,0.384055000,9.750516358
2,11000,0,0,4,5000,8,25.275277778,0.384406778,9.715988088
2,11000,0,0,4,5000,9,25.248611111,0.384674889,9.712506674
2,11000,0,0,4,5000,10,25.491111111,0.384253611,9.795051496
2,11000,0,0,4,5000,11,25.412500000,0.385295944,9.791333188
2,11000,0,0,4,5000,12,25.696111111,0.385221056,9.898683046
2,11000,0,0,4,5000,14,25.247777778,0.383787333,9.689777306
2,11000,0,0,4,5000,13,25.659166667,0.386753722,9.923778217
2,11000,0,0,4,5000,15,24.907500000,0.382713278,9.532430966
2,11000,0,0,4,6000,0,25.176666667,0.385778722,9.712622296
2,11000,0,0,4,6000,2,25.252500000,0.383086889,9.673901662
2,11000,0,0,4,6000,1,25.393055556,0.385875778,9.798565063
2,11000,0,0,4,6000,3,25.784166667,0.385677833,9.944381534
2,11000,0,0,4,6000,4,25.547500000,0.383659611,9.801543915
2,11000,0,0,4,6000,5,25.410833333,0.385319722,9.791295241
2,11000,0,0,4,6000,6,25.244444444,0.384046167,9.695032119
2,11000,0,0,4,6000,7,25.061388889,0.384457833,9.635047273
2,11000,0,0,4,6000,8,25.229722222,0.384693389,9.705707342
2,11000,0,0,4,6000,9,25.284444444,0.384432111,9.720152356
2,11000,0,0,4,6000,10,25.564166667,0.384160056,9.820731687
2,11000,0,0,4,6000,11,25.207777778,0.385398889,9.715049547
2,11000,0,0,4,6000,12,25.546666667,0.385214444,9.840945007
2,11000,0,0,4,6000,14,25.393611111,0.384030556,9.751922583
2,11000,0,0,4,6000,13,25.576666667,0.386834111,9.893927115
2,11000,0,0,4,6000,15,24.951666667,0.382852833,9.552816280
2,11000,0,0,4,7000,0,25.344444444,0.385748611,9.776584244
2,11000,0,0,4,7000,1,25.355833333,0.385924667,9.785441527
2,11000,0,0,4,7000,2,25.369166667,0.383321167,9.724538564
2,11000,0,0,4,7000,3,25.792500000,0.385673667,9.947488048
2,11000,0,0,4,7000,4,25.543055556,0.383658278,9.799804704
2,11000,0,0,4,7000,5,25.222222222,0.385175000,9.714969444
2,11000,0,0,4,7000,6,25.241944444,0.384043167,9.693996277
2,11000,0,0,4,7000,7,25.059722222,0.384658056,9.639424023
2,11000,0,0,4,7000,8,25.409444444,0.384603333,9.772557031
2,11000,0,0,4,7000,9,25.185277778,0.384380333,9.680725467
2,11000,0,0,4,7000,10,25.480833333,0.384055000,9.786041446
2,11000,0,0,4,7000,11,25.231944444,0.385347778,9.723073721
2,11000,0,0,4,7000,12,25.373055556,0.385059667,9.770140315
2,12000,0,0,0,0,0,25.306111111,0.385737722,9.761521658
2,12000,0,0,0,0,1,25.288611111,0.385776889,9.755761719
2,12000,0,0,0,0,2,25.067222222,0.383252333,9.607071407
2,12000,0,0,0,0,3,25.600277778,0.385687833,9.873715669
2,12000,0,0,0,0,4,25.575277778,0.383593111,9.810500370
2,12000,0,0,0,0,5,25.263055556,0.384990889,9.726046214
2,11000,0,0,4,7000,13,25.548333333,0.386685333,9.879165791
2,12000,0,0,0,0,6,25.278055556,0.384116167,9.709709801
2,12000,0,0,0,0,7,25.082777778,0.384509611,9.644569129
2,12000,0,0,0,0,8,25.145555556,0.384522222,9.669024901
2,12000,0,0,0,0,9,25.106111111,0.384586278,9.655465822
2,11000,0,0,4,7000,14,25.432222222,0.384150056,9.769789580
2,12000,0,0,0,0,10,25.378611111,0.384128444,9.748646408
2,12000,0,0,0,0,11,25.461111111,0.385169611,9.806846265
2,11000,0,0,4,7000,15,24.908611111,0.382711389,9.532809154
2,12000,0,0,0,0,12,25.390555556,0.385189222,9.780168346
2,12000,0,0,0,0,13,25.541111111,0.386817889,9.879758680
2,12000,0,0,0,0,15,24.923611111,0.382649611,9.537010099
2,12000,0,0,0,0,14,25.483888889,0.383992722,9.785627867
2,12000,0,0,1,3000,1,25.239166667,0.385829056,9.738003838
2,12000,0,0,1,3000,0,25.138611111,0.385780722,9.697991550
2,12000,0,0,1,3000,2,25.356666667,0.383079944,9.713630458
2,12000,0,0,1,3000,3,25.901944444,0.385847500,9.994200509
2,12000,0,0,1,3000,4,25.467500000,0.383508556,9.767004139
2,12000,0,0,1,3000,5,25.313611111,0.384961000,9.744753047
2,12000,0,0,1,3000,6,25.277222222,0.384117333,9.709419194
2,12000,0,0,1,3000,7,25.097222222,0.384505611,9.650022768
2,12000,0,0,1,3000,9,25.168333333,0.384347889,9.673395784
2,12000,0,0,1,3000,8,25.465000000,0.384468333,9.790486108
2,12000,0,0,1,3000,10,25.376944444,0.384148167,9.748506684
2,12000,0,0,1,3000,11,25.451944444,0.384980500,9.798502298
2,12000,0,0,1,3000,12,25.521111111,0.385390222,9.835586682
2,12000,0,0,1,3000,13,25.397777778,0.386829778,9.824616734
2,12000,0,0,1,3000,15,24.876666667,0.382697333,9.520233996
2,12000,0,0,1,3000,14,25.518055556,0.383931000,9.797172588
2,12000,0,0,1,4000,0,25.102222222,0.385832000,9.685240604
2,12000,0,0,1,4000,3,25.593611111,0.385531389,9.867140438
2,12000,0,0,1,4000,1,25.368333333,0.385891611,9.789427021
2,12000,0,0,1,4000,2,25.414166667,0.383236667,9.739640519
2,12000,0,0,1,4000,5,25.288333333,0.385008833,9.736231714
2,12000,0,0,1,4000,4,25.545555556,0.383397333,9.794097879
2,12000,0,0,1,4000,6,25.347777778,0.384203444,9.738703531
2,12000,0,0,1,4000,7,25.051111111,0.384572944,9.633979562
2,12000,0,0,1,4000,8,25.147777778,0.384723833,9.674949466
2,12000,0,0,1,4000,9,25.352222222,0.384645222,9.751611150
2,12000,0,0,1,4000,10,25.347222222,0.384195333,9.738284491
2,12000,0,0,1,4000,11,25.505555556,0.385127667,9.822895098
2,12000,0,0,1,4000,12,25.338333333,0.385054667,9.756643496
2,12000,0,0,1,4000,14,25.410277778,0.383898222,9.754960465
2,12000,0,0,1,4000,13,25.469166667,0.386721611,9.849477167
2,12000,0,0,1,4000,15,24.883055556,0.382714722,9.523111695
2,12000,0,0,1,5000,0,25.485833333,0.385480389,9.824288944
2,12000,0,0,1,5000,1,25.202777778,0.385879444,9.725233887
2,12000,0,0,1,5000,2,25.225555556,0.383276167,9.668354235
2,12000,0,0,1,5000,3,25.550555556,0.385582833,9.851855604
2,12000,0,0,1,5000,4,25.466111111,0.383283500,9.760740198
2,12000,0,0,1,5000,5,25.346666667,0.384903667,9.756024938
2,12000,0,0,1,5000,6,25.125833333,0.384102056,9.650884231
2,12000,0,0,1,5000,7,25.052500000,0.384396500,9.630093316
2,12000,0,0,1,5000,8,25.153055556,0.384520500,9.671865499
2,12000,0,0,1,5000,9,25.140833333,0.384576000,9.668561120
2,12000,0,0,1,5000,10,25.513055556,0.384130444,9.800341370
2,12000,0,0,1,5000,11,25.394166667,0.385270222,9.783616235
2,12000,0,0,1,5000,12,25.388055556,0.385181889,9.779019194
2,12000,0,0,1,5000,13,25.392500000,0.386570778,9.815998475
2,12000,0,0,1,5000,14,25.445000000,0.383845889,9.766958643
2,12000,0,0,1,5000,15,24.992500000,0.382532000,9.560431010
2,12000,0,0,1,6000,0,25.439166667,0.385901889,9.817022468
2,12000,0,0,1,6000,1,25.355277778,0.385879889,9.784091772
2,12000,0,0,1,6000,2,25.139444444,0.383415667,9.638856851
2,12000,0,0,1,6000,3,25.762500000,0.385857056,9.940642394
2,12000,0,0,1,6000,4,25.543333333,0.383384111,9.792908145
2,12000,0,0,1,6000,5,25.330000000,0.385146000,9.755748180
2,12000,0,0,1,6000,6,25.320277778,0.384057278,9.724436956
2,12000,0,0,1,6000,7,25.203888889,0.384575889,9.692807973
2,12000,0,0,1,6000,8,25.162222222,0.384470000,9.674119578
2,12000,0,0,1,6000,9,25.207222222,0.384455278,9.691049621
2,12000,0,0,1,6000,10,25.765833333,0.384149444,9.897930561
2,12000,0,0,1,6000,11,25.233333333,0.385252667,9.721208956
2,12000,0,0,1,6000,12,25.527500000,0.385139167,9.831640077
2,12000,0,0,1,6000,13,25.538333333,0.386627722,9.873827646
2,12000,0,0,1,6000,14,25.505277778,0.383802833,9.788997876
2,12000,0,0,1,6000,15,25.022222222,0.382686000,9.575654133
2,12000,0,0,1,7000,0,25.140000000,0.385772667,9.698324840
2,12000,0,0,1,7000,1,25.418333333,0.385948778,9.810174683
2,12000,0,0,1,7000,2,25.111388889,0.383214889,9.623058103
2,12000,0,0,1,7000,3,25.589444444,0.385534222,9.865606561
2,12000,0,0,1,7000,4,25.538333333,0.383380167,9.790890490
2,12000,0,0,1,7000,6,25.250555556,0.384175167,9.700636389
2,12000,0,0,1,7000,5,25.428333333,0.385192389,9.794800462
2,12000,0,0,1,7000,7,25.056111111,0.384575056,9.635955323
2,12000,0,0,1,7000,8,25.491944444,0.384599667,9.804193336
2,12000,0,0,1,7000,10,25.327777778,0.384172778,9.730242744
2,12000,0,0,1,7000,9,25.170555556,0.384509167,9.678309341
2,12000,0,0,1,7000,11,25.236111111,0.385265056,9.722591749
2,12000,0,0,1,7000,12,25.608333333,0.385043944,9.860333677
2,12000,0,0,1,7000,13,25.419166667,0.386561222,9.826064135
2,12000,0,0,1,7000,14,25.462500000,0.383863333,9.774120125
2,12000,0,0,1,7000,15,24.886944444,0.382697111,9.524161743
2,12000,0,0,2,3000,0,25.307500000,0.385742444,9.762176913
2,12000,0,0,2,3000,1,25.302777778,0.385997722,9.766814588
2,12000,0,0,2,3000,2,25.120000000,0.383243778,9.627083698
2,12000,0,0,2,3000,3,25.528333333,0.385564667,9.842823332
2,12000,0,0,2,3000,4,25.547777778,0.383397444,9.794952711
2,12000,0,0,2,3000,6,25.352222222,0.384029389,9.735998407
2,12000,0,0,2,3000,5,25.387222222,0.385246556,9.780339916
2,12000,0,0,2,3000,7,25.098611111,0.384539500,9.651407367
2,12000,0,0,2,3000,8,25.248055556,0.384585944,9.710047291
2,12000,0,0,2,3000,9,25.132500000,0.384355833,9.659822981
2,12000,0,0,2,3000,10,25.557500000,0.384262833,9.820797363
2,12000,0,0,2,3000,11,25.596944444,0.385171167,9.859204955
2,12000,0,0,2,3000,12,25.651111111,0.385195833,9.880701120
2,12000,0,0,2,3000,13,25.350555556,0.386678889,9.802524655
2,12000,0,0,2,3000,14,25.418055556,0.383913222,9.758327611
2,12000,0,0,2,3000,15,24.923055556,0.382657667,9.536998285
2,12000,0,0,2,4000,0,25.444444444,0.385713833,9.814274204
2,12000,0,0,2,4000,1,25.323333333,0.385927889,9.772980573
2,12000,0,0,2,4000,2,25.211388889,0.383064167,9.657579675
2,12000,0,0,2,4000,3,25.764444444,0.385853056,9.941289614
2,12000,0,0,2,4000,4,25.461388889,0.383492500,9.764251678
2,12000,0,0,2,4000,5,25.295277778,0.384996611,9.738596222
2,12000,0,0,2,4000,6,25.380555556,0.383955833,9.745012359
2,12000,0,0,2,4000,7,25.087222222,0.384541833,9.647086427
2,12000,0,0,2,4000,8,25.232222222,0.384433833,9.700119912
2,12000,0,0,2,4000,9,25.196944444,0.384259667,9.682169473
2,12000,0,0,2,4000,10,25.330833333,0.383994833,9.726909124
2,12000,0,0,2,4000,11,25.488611111,0.385115000,9.816046468
2,12000,0,0,2,4000,12,25.388333333,0.385216778,9.780011960
2,12000,0,0,2,4000,13,25.437500000,0.386748389,9.837912142
2,12000,0,0,2,4000,14,25.503055556,0.384009722,9.793421280
2,12000,0,0,2,4000,15,25.046388889,0.382655722,9.584144029
2,12000,0,0,2,5000,0,25.139166667,0.385769222,9.697916772
2,12000,0,0,2,5000,1,25.235000000,0.385888056,9.737885082
2,12000,0,0,2,5000,2,25.300833333,0.383159778,9.694261678
2,12000,0,0,2,5000,3,25.656944444,0.385827722,9.899160434
2,12000,0,0,2,5000,4,25.505555556,0.383443222,9.779932407
2,12000,0,0,2,5000,5,25.402222222,0.385250833,9.786227280
2,12000,0,0,2,5000,6,25.202777778,0.384030500,9.678635351
2,12000,0,0,2,5000,7,25.217777778,0.384579722,9.698245973
2,12000,0,0,2,5000,8,25.371111111,0.384604500,9.757843503
2,12000,0,0,2,5000,9,25.239444444,0.384407778,9.702238751
2,12000,0,0,2,5000,10,25.319722222,0.384226444,9.728506844
2,12000,0,0,2,5000,11,25.349444444,0.385121778,9.762623110
2,12000,0,0,2,5000,12,25.372777778,0.385177389,9.773020293
2,12000,0,0,2,5000,13,25.478888889,0.386468389,9.846785140
2,12000,0,0,2,5000,14,25.444722222,0.383854889,9.767081021
2,12000,0,0,2,5000,15,24.908611111,0.382635500,9.530918867
2,12000,0,0,2,6000,0,25.340833333,0.385853556,9.777850642
2,12000,0,0,2,6000,1,25.313333333,0.385738333,9.764323011
2,12000,0,0,2,6000,2,25.075000000,0.383075333,9.605613983
2,12000,0,0,2,6000,3,25.851111111,0.385516444,9.966028440
2,12000,0,0,2,6000,4,25.543333333,0.383386000,9.792956393
2,12000,0,0,2,6000,5,25.360555556,0.384906056,9.761431406
2,12000,0,0,2,6000,6,25.315833333,0.384057222,9.722728628
2,12000,0,0,2,6000,7,25.162222222,0.384430778,9.673132660
2,12000,0,0,2,6000,8,25.323055556,0.384670833,9.741040883
2,12000,0,0,2,6000,9,25.346111111,0.384444389,9.744170197
2,12000,0,0,2,6000,10,25.374444444,0.384126222,9.746989485
2,12000,0,0,2,6000,11,25.275833333,0.385212722,9.736572565
2,12000,0,0,2,6000,12,25.700555556,0.385133111,9.898134918
2,12000,0,0,2,6000,13,25.382222222,0.386627778,9.813472173
2,12000,0,0,2,6000,14,25.459722222,0.383849167,9.772693159
2,12000,0,0,2,6000,15,24.994166667,0.382743667,9.566358995
2,12000,0,0,2,7000,0,25.140000000,0.385776389,9.698418417
2,12000,0,0,2,7000,2,25.141388889,0.383149000,9.632898011
2,12000,0,0,2,7000,1,25.426111111,0.385956500,9.813372853
2,12000,0,0,2,7000,3,25.514444444,0.385645167,9.839522180
2,12000,0,0,2,7000,4,25.538333333,0.383384889,9.791011087
2,12000,0,0,2,7000,5,25.327222222,0.385139722,9.754519331
2,12000,0,0,2,7000,6,25.247222222,0.384146556,9.698633454
2,12000,0,0,2,7000,7,25.077777778,0.384508500,9.642618717
2,12000,0,0,2,7000,8,25.152777778,0.384526222,9.671902617
2,12000,0,0,2,7000,9,25.167500000,0.384507833,9.677100895
2,12000,0,0,2,7000,10,25.514166667,0.383927000,9.795577466
2,12000,0,0,2,7000,11,25.273333333,0.385220333,9.735801891
2,12000,0,0,2,7000,12,25.342222222,0.385052056,9.758074759
2,12000,0,0,2,7000,13,25.472777778,0.386651778,9.849094813
2,12000,0,0,2,7000,14,25.460000000,0.383840778,9.772586202
2,12000,0,0,4,3000,0,25.230277778,0.385634333,9.729661351
2,12000,0,0,4,3000,1,25.391111111,0.385839444,9.796892205
2,12000,0,0,4,3000,2,25.084444444,0.383271500,9.614152649
2,12000,0,0,2,7000,15,25.134444444,0.382748500,9.620170909
2,12000,0,0,4,3000,3,25.880000000,0.385893944,9.986935282
2,12000,0,0,4,3000,4,25.468888889,0.383290056,9.761971837
2,12000,0,0,4,3000,5,25.293611111,0.385003500,9.738128805
2,12000,0,0,4,3000,6,25.428888889,0.384103056,9.767313922
2,12000,0,0,4,3000,7,25.356666667,0.384557778,9.751103385
2,12000,0,0,4,3000,8,25.273055556,0.384339333,9.713429324
2,12000,0,0,4,3000,9,25.152500000,0.384299056,9.666081995
2,12000,0,0,4,3000,10,25.372500000,0.384124333,9.746194647
2,12000,0,0,4,3000,11,25.296111111,0.384994556,9.738865055
2,12000,0,0,4,3000,12,25.409722222,0.385392500,9.792716372
2,12000,0,0,4,3000,13,25.424166667,0.386756389,9.832958891
2,12000,0,0,4,3000,14,25.394444444,0.383964833,9.750573629
2,12000,0,0,4,3000,15,24.996944444,0.382750000,9.567580486
2,12000,0,0,4,4000,1,25.248888889,0.385824944,9.741651153
2,12000,0,0,4,4000,0,25.484166667,0.385682444,9.828795695
2,12000,0,0,4,4000,2,25.292222222,0.383177500,9.691410481
2,12000,0,0,4,4000,3,25.836666667,0.385748944,9.966466895
2,12000,0,0,4,4000,4,25.468611111,0.383496333,9.767118976
2,12000,0,0,4,4000,5,25.532777778,0.385055000,9.831523747
2,12000,0,0,4,4000,6,25.315000000,0.384075722,9.722876908
2,12000,0,0,4,4000,8,25.275277778,0.384510111,9.718599867
2,12000,0,0,4,4000,7,25.280277778,0.384277444,9.714640539
2,12000,0,0,4,4000,9,25.131388889,0.384554111,9.664378915
2,12000,0,0,4,4000,10,25.377777778,0.384128278,9.748322072
2,12000,0,0,4,4000,12,25.481666667,0.385052278,9.811773792
2,12000,0,0,4,4000,11,25.471388889,0.385169333,9.810797877
2,12000,0,0,4,4000,13,25.380000000,0.386623389,9.812501610
2,12000,0,0,4,4000,14,25.533333333,0.383952611,9.803590004
2,12000,0,0,4,4000,15,24.984166667,0.382759944,9.562938245
2,12000,0,0,4,5000,0,25.132777778,0.385760167,9.695224544
2,12000,0,0,4,5000,1,25.398333333,0.385839889,9.799690111
2,12000,0,0,4,5000,2,25.441666667,0.383172167,9.748538540
2,12000,0,0,4,5000,4,25.471111111,0.383309611,9.763321695
2,12000,0,0,4,5000,3,25.730277778,0.385905833,9.929464288
2,12000,0,0,4,5000,5,25.630833333,0.385103222,9.870516505
2,12000,0,0,4,5000,6,25.352222222,0.384009333,9.735489954
2,12000,0,0,4,5000,8,25.220833333,0.384438500,9.695859335
2,12000,0,0,4,5000,7,25.356944444,0.384366333,9.746355761
2,12000,0,0,4,5000,9,25.351388889,0.384651889,9.751459622
2,12000,0,0,4,5000,10,25.700277778,0.384273056,9.875924270
2,12000,0,0,4,5000,11,25.271111111,0.385210167,9.734688923
2,12000,0,0,4,5000,12,25.343333333,0.385038722,9.758164684
2,12000,0,0,4,5000,13,25.433888889,0.386577111,9.832159291
2,12000,0,0,4,5000,14,25.459444444,0.384046111,9.777600630
2,12000,0,0,4,5000,15,25.021666667,0.382704000,9.575891920
2,12000,0,0,4,6000,0,25.163055556,0.385714944,9.705766576
2,12000,0,0,4,6000,1,25.281944444,0.385777667,9.753209537
2,12000,0,0,4,6000,2,25.178333333,0.383101056,9.645846077
2,12000,0,0,4,6000,3,25.541944444,0.385575167,9.848339486
2,12000,0,0,4,6000,4,25.487222222,0.383685889,9.779087514
2,12000,0,0,4,6000,5,25.291111111,0.384998778,9.737046866
2,12000,0,0,4,6000,6,25.200000000,0.384006556,9.676965200
2,12000,0,0,4,6000,8,25.147777778,0.384525389,9.669959030
2,12000,0,0,4,6000,7,25.095000000,0.384525056,9.649656269
2,12000,0,0,4,6000,9,25.199722222,0.384462222,9.688341205
2,12000,0,0,4,6000,10,25.520277778,0.384126389,9.803012146
2,12000,0,0,4,6000,12,25.513888889,0.385242056,9.829023001
2,12000,0,0,4,6000,11,25.477222222,0.385109444,9.811518896
2,12000,0,0,4,6000,13,25.425000000,0.386567444,9.828477275
2,12000,0,0,4,6000,14,25.491666667,0.383796500,9.783612446
2,12000,0,0,4,7000,0,25.140555556,0.385766389,9.698381331
2,12000,0,0,4,6000,15,25.103888889,0.382797167,9.609697539
2,12000,0,0,4,7000,1,25.281944444,0.385776222,9.753173018
2,12000,0,0,4,7000,2,25.085000000,0.383253944,9.613925196
2,12000,0,0,4,7000,3,25.543611111,0.385598333,9.849573872
2,12000,0,0,4,7000,4,25.611666667,0.383549722,9.823347636
2,12000,0,0,4,7000,5,25.305000000,0.384950889,9.741182243
2,12000,0,0,4,7000,6,25.126388889,0.384111833,9.651343301
2,12000,0,0,4,7000,7,25.082777778,0.384509833,9.644574703
2,12000,0,0,4,7000,8,25.295277778,0.384509833,9.726283042
2,12000,0,0,4,7000,9,25.282222222,0.384557278,9.722462554
2,12000,0,0,4,7000,10,25.590555556,0.384028444,9.827501242
2,12000,0,0,4,7000,11,25.319166667,0.385182111,9.752490068
2,12000,0,0,4,7000,12,25.497222222,0.385247889,9.822751034
2,13000,0,0,0,0,0,25.238611111,0.385917778,9.740028714
2,13000,0,0,0,0,1,25.345833333,0.385990722,9.783256514
2,13000,0,0,0,0,2,25.303055556,0.383295611,9.698550142
2,13000,0,0,0,0,3,25.828888889,0.385874111,9.966699541
2,13000,0,0,0,0,4,25.514166667,0.383751444,9.791098312
2,12000,0,0,4,7000,13,25.421944444,0.386578667,9.827581387
2,13000,0,0,0,0,5,25.256944444,0.385147056,9.727637785
2,13000,0,0,0,0,6,25.382777778,0.384079611,9.749007418
2,13000,0,0,0,0,7,25.219444444,0.384702222,9.701976321
2,13000,0,0,0,0,8,25.557777778,0.384662778,9.831125794
2,13000,0,0,0,0,9,25.359722222,0.384783167,9.757994222
2,12000,0,0,4,7000,14,25.462777778,0.383847944,9.773834910
2,13000,0,0,0,0,10,25.478611111,0.384301389,9.791465637
2,13000,0,0,0,0,11,25.302777778,0.385263778,9.748243755
2,13000,0,0,0,0,12,25.392222222,0.385309667,9.783868680
2,13000,0,0,0,0,14,25.469444444,0.384162000,9.784392717
2,13000,0,0,0,0,13,25.593611111,0.386791056,9.899379857
2,13000,0,0,0,0,15,25.120000000,0.382650056,9.612169396
2,12000,0,0,4,7000,15,25.334444444,0.382815333,9.698413795
2,13000,0,0,1,3000,1,25.255000000,0.385911111,9.746185111
2,13000,0,0,1,3000,0,25.290833333,0.385656056,9.753563025
2,13000,0,0,1,3000,2,25.154166667,0.383308778,9.641812881
2,13000,0,0,1,3000,3,25.563055556,0.385873944,9.864117079
2,13000,0,0,1,3000,4,25.553888889,0.383689444,9.804757431
2,13000,0,0,1,3000,5,25.330000000,0.385072222,9.753879389
2,13000,0,0,1,3000,6,25.240833333,0.384088722,9.694719423
2,13000,0,0,1,3000,7,25.091666667,0.384657611,9.651700559
2,13000,0,0,1,3000,8,25.213333333,0.384526278,9.695189217
2,13000,0,0,1,3000,9,25.171666667,0.384622889,9.681599151
2,13000,0,0,1,3000,10,25.561666667,0.384375500,9.825278406
2,13000,0,0,1,3000,11,25.244166667,0.385371000,9.728369753
2,13000,0,0,1,3000,12,25.419166667,0.385069778,9.788152860
2,13000,0,0,1,3000,14,25.463333333,0.383957667,9.776842052
2,13000,0,0,1,3000,13,25.564444444,0.386673889,9.885103151
2,13000,0,0,1,3000,15,25.034444444,0.382829333,9.583919677
2,13000,0,0,1,4000,0,25.318888889,0.386045556,9.774244527
2,13000,0,0,1,4000,1,25.354444444,0.385973111,9.786133803
2,13000,0,0,1,4000,3,25.582777778,0.385630278,9.865493701
2,13000,0,0,1,4000,2,25.227500000,0.383386500,9.671882929
2,13000,0,0,1,4000,4,25.601111111,0.383650556,9.821880501
2,13000,0,0,1,4000,5,25.271111111,0.385101833,9.731951219
2,13000,0,0,1,4000,7,25.078888889,0.384643111,9.646421845
2,13000,0,0,1,4000,6,25.347500000,0.384130222,9.736740808
2,13000,0,0,1,4000,8,25.333888889,0.384808833,9.748704227
2,13000,0,0,1,4000,9,25.326944444,0.384645389,9.741892395
2,13000,0,0,1,4000,10,25.519444444,0.384042000,9.800538483
2,13000,0,0,1,4000,11,25.242222222,0.385366444,9.727505428
2,13000,0,0,1,4000,12,25.342500000,0.385165000,9.761044012
2,13000,0,0,1,4000,15,24.917222222,0.382740889,9.536839782
2,13000,0,0,1,4000,14,25.382222222,0.383842556,9.742777043
2,13000,0,0,1,4000,13,25.833055556,0.386856722,9.993691197
2,13000,0,0,1,5000,0,25.175000000,0.385828556,9.713233886
2,13000,0,0,1,5000,1,25.353888889,0.385973333,9.785925007
2,13000,0,0,1,5000,2,25.088055556,0.383214167,9.614098303
2,13000,0,0,1,5000,3,25.616388889,0.385976000,9.887311318
2,13000,0,0,1,5000,4,25.552777778,0.383702222,9.804657617
2,13000,0,0,1,5000,5,25.318888889,0.385040778,9.748804670
2,13000,0,0,1,5000,6,25.206666667,0.384125556,9.682524837
2,13000,0,0,1,5000,7,25.179722222,0.384495389,9.681487088
2,13000,0,0,1,5000,8,25.271944444,0.384710389,9.722379575
2,13000,0,0,1,5000,9,25.293055556,0.384701333,9.730272196
2,13000,0,0,1,5000,10,25.594444444,0.384345444,9.837108125
2,13000,0,0,1,5000,11,25.240555556,0.385364944,9.726825289
2,13000,0,0,1,5000,12,25.419444444,0.385457889,9.798125392
2,13000,0,0,1,5000,14,25.480277778,0.383914222,9.782241025
2,13000,0,0,1,5000,13,25.454166667,0.386621333,9.841123856
2,13000,0,0,1,5000,15,25.013611111,0.382609778,9.570452189
2,13000,0,0,1,6000,0,25.312222222,0.385849667,9.766712507
2,13000,0,0,1,6000,2,25.115555556,0.383345778,9.627942179
2,13000,0,0,1,6000,1,25.382222222,0.385941778,9.796059968
2,13000,0,0,1,6000,3,25.571944444,0.385832333,9.866482993
2,13000,0,0,1,6000,4,25.328888889,0.383599667,9.716153335
2,13000,0,0,1,6000,6,25.284166667,0.384226222,9.714839840
2,13000,0,0,1,6000,5,25.549444444,0.385343667,9.845316604
2,13000,0,0,1,6000,7,25.080277778,0.384634722,9.646745676
2,13000,0,0,1,6000,8,25.208611111,0.384558333,9.694181475
2,13000,0,0,1,6000,9,25.166666667,0.384635611,9.679996213
2,13000,0,0,1,6000,10,25.624444444,0.384297222,9.847402821
2,13000,0,0,1,6000,12,25.348055556,0.385170722,9.763328865
2,13000,0,0,1,6000,11,25.357777778,0.385397222,9.772817117
2,13000,0,0,1,6000,13,25.525833333,0.386901667,9.875987460
2,13000,0,0,1,6000,14,25.457777778,0.383965944,9.774919688
2,13000,0,0,1,7000,0,25.157222222,0.385628833,9.701350255
2,13000,0,0,1,6000,15,25.029722222,0.382804778,9.581497253
2,13000,0,0,1,7000,1,25.274166667,0.385879389,9.752779988
2,13000,0,0,1,7000,4,25.530277778,0.383758778,9.797468196
2,13000,0,0,1,7000,2,25.370000000,0.383226167,9.722447848
2,13000,0,0,1,7000,3,25.661111111,0.385927444,9.903327033
2,13000,0,0,1,7000,5,25.400833333,0.385368778,9.788688096
2,13000,0,0,1,7000,6,25.385277778,0.384089389,9.750215828
2,13000,0,0,1,7000,7,25.227500000,0.384886889,9.709733989
2,13000,0,0,1,7000,8,25.541944444,0.384885833,9.830732572
2,13000,0,0,1,7000,9,25.168055556,0.384633167,9.680468907
2,13000,0,0,1,7000,12,25.378888889,0.385105389,9.773546875
2,13000,0,0,1,7000,11,25.240833333,0.385356056,9.726707972
2,13000,0,0,1,7000,10,25.629722222,0.384302556,9.849567748
2,13000,0,0,2,3000,0,25.349444444,0.385795000,9.779688919
2,13000,0,0,1,7000,14,25.396111111,0.384060111,9.753633255
2,13000,0,0,1,7000,15,24.908055556,0.382734389,9.533169421
2,13000,0,0,1,7000,13,25.658055556,0.386700500,9.921982912
2,13000,0,0,2,3000,1,25.344166667,0.385980722,9.782359754
2,13000,0,0,2,3000,2,25.221944444,0.383195389,9.664932810
2,13000,0,0,2,3000,3,25.800277778,0.385715611,9.951569910
2,13000,0,0,2,3000,4,25.507500000,0.383547722,9.783343525
2,13000,0,0,2,3000,5,25.386111111,0.385161333,9.777748404
2,13000,0,0,2,3000,6,25.423055556,0.384230167,9.768304873
2,13000,0,0,2,3000,7,25.267500000,0.384589611,9.717617999
2,13000,0,0,2,3000,8,25.542222222,0.384703500,9.826182287
2,13000,0,0,2,3000,9,25.184166667,0.384631667,9.686627999
2,13000,0,0,2,3000,10,25.475000000,0.384081167,9.784467721
2,13000,0,0,2,3000,12,25.416666667,0.385465944,9.797259421
2,13000,0,0,2,3000,11,25.390277778,0.385368556,9.784614672
2,13000,0,0,2,3000,13,25.565555556,0.386882611,9.890868888
2,13000,0,0,2,3000,14,25.446944444,0.383936722,9.770016441
2,13000,0,0,2,3000,15,25.052222222,0.382749556,9.588726921
2,13000,0,0,2,4000,0,25.396388889,0.385926500,9.801139477
2,13000,0,0,2,4000,1,25.270555556,0.386139000,9.757947052
2,13000,0,0,2,4000,2,25.079444444,0.383390889,9.615230498
2,13000,0,0,2,4000,4,25.549166667,0.383526444,9.798781050
2,13000,0,0,2,4000,3,25.770000000,0.385998944,9.947192798
2,13000,0,0,2,4000,5,25.240555556,0.384955278,9.716485075
2,13000,0,0,2,4000,6,25.351388889,0.384136111,9.738383939
2,13000,0,0,2,4000,7,25.130833333,0.384601056,9.665345027
2,13000,0,0,2,4000,8,25.308888889,0.384415778,9.729136207
2,13000,0,0,2,4000,9,25.227222222,0.384347167,9.696011384
2,13000,0,0,2,4000,10,25.435277778,0.384137778,9.770651083
2,13000,0,0,2,4000,12,25.416944444,0.385258111,9.792084007
2,13000,0,0,2,4000,11,25.239444444,0.385375222,9.726656512
2,13000,0,0,2,4000,13,25.456944444,0.386822389,9.847316064
2,13000,0,0,2,4000,14,25.360000000,0.384094333,9.740632293
2,13000,0,0,2,4000,15,24.957500000,0.382688111,9.550938533
2,13000,0,0,2,5000,0,25.333333333,0.385784333,9.773203111
2,13000,0,0,2,5000,1,25.209166667,0.385785778,9.725337970
2,13000,0,0,2,5000,2,25.106666667,0.383139333,9.619351529
2,13000,0,0,2,5000,3,25.618888889,0.385784389,9.883367394
2,13000,0,0,2,5000,4,25.298888889,0.383647500,9.705855475
2,13000,0,0,2,5000,5,25.577500000,0.385303278,9.855094587
2,13000,0,0,2,5000,6,25.122777778,0.384024611,9.647764966
2,13000,0,0,2,5000,7,25.055833333,0.384501667,9.634009676
2,13000,0,0,2,5000,8,25.205277778,0.384549722,9.692682568
2,13000,0,0,2,5000,9,25.211944444,0.384588889,9.696233701
2,13000,0,0,2,5000,11,25.247777778,0.385358389,9.729442967
2,13000,0,0,2,5000,10,25.625277778,0.384301333,9.847828417
2,13000,0,0,2,5000,12,25.651666667,0.385121889,9.879018320
2,13000,0,0,2,5000,13,25.466388889,0.386625667,9.845959582
2,13000,0,0,2,5000,14,25.307777778,0.383968389,9.717386660
2,13000,0,0,2,5000,15,25.160000000,0.382811667,9.631541533
2,13000,0,0,2,6000,0,25.168055556,0.385834556,9.710705529
2,13000,0,0,2,6000,1,25.315833333,0.385816667,9.767270431
2,13000,0,0,2,6000,2,25.262500000,0.383335667,9.684017279
2,13000,0,0,2,6000,3,25.615833333,0.385788611,9.882296764
2,13000,0,0,2,6000,4,25.727500000,0.383858667,9.875723847
2,13000,0,0,2,6000,5,25.548333333,0.385360444,9.845317088
2,13000,0,0,2,6000,6,25.283333333,0.384239722,9.714860977
2,13000,0,0,2,6000,7,25.063333333,0.384698167,9.641818384
2,13000,0,0,2,6000,8,25.170277778,0.384791333,9.685304746
2,13000,0,0,2,6000,9,25.161666667,0.384637667,9.678124756
2,13000,0,0,2,6000,10,25.366388889,0.384260944,9.747312552
2,13000,0,0,2,6000,12,25.338055556,0.385151611,9.758992920
2,13000,0,0,2,6000,11,25.358611111,0.385402500,9.773272119
2,13000,0,0,2,6000,13,25.514722222,0.386898833,9.871616261
2,13000,0,0,2,6000,15,24.959722222,0.382911111,9.557354969
2,13000,0,0,2,6000,14,25.610833333,0.383905000,9.832126971
2,13000,0,0,2,7000,0,25.158611111,0.385633667,9.702007451
2,13000,0,0,2,7000,1,25.274166667,0.385879500,9.752782796
2,13000,0,0,2,7000,4,25.375555556,0.383741056,9.737642474
2,13000,0,0,2,7000,2,25.266944444,0.383352833,9.686154742
2,13000,0,0,2,7000,3,25.615000000,0.385782667,9.881823007
2,13000,0,0,2,7000,5,25.400833333,0.385366389,9.788627416
2,13000,0,0,2,7000,6,25.346388889,0.384141444,9.736598439
2,13000,0,0,2,7000,7,25.146666667,0.384789611,9.676176087
2,13000,0,0,2,7000,8,25.542500000,0.384894556,9.831169185
2,13000,0,0,2,7000,9,25.170833333,0.384639778,9.681703740
2,13000,0,0,2,7000,11,25.236666667,0.385360000,9.725201867
2,13000,0,0,2,7000,10,25.660833333,0.384240722,9.859937133
2,13000,0,0,2,7000,12,25.418055556,0.385066667,9.787645926
2,13000,0,0,4,3000,0,25.366111111,0.385749556,9.784966087
2,13000,0,0,2,7000,13,25.656388889,0.386701611,9.921366919
2,13000,0,0,2,7000,14,25.387500000,0.383798222,9.743677367
2,13000,0,0,2,7000,15,25.056388889,0.382751333,9.590366256
2,13000,0,0,4,3000,1,25.308888889,0.385838889,9.765153568
2,13000,0,0,4,3000,2,25.227500000,0.383383222,9.671800239
2,13000,0,0,4,3000,3,25.816111111,0.385945778,9.963619082
2,13000,0,0,4,3000,4,25.561944444,0.383698889,9.808089681
2,13000,0,0,4,3000,5,25.363055556,0.385200167,9.769853227
2,13000,0,0,4,3000,6,25.329444444,0.384181222,9.731096925
2,13000,0,0,4,3000,7,25.179444444,0.384749944,9.687789851
2,13000,0,0,4,3000,8,25.532500000,0.384701722,9.822396723
2,13000,0,0,4,3000,9,25.146944444,0.384685444,9.673663500
2,13000,0,0,4,3000,10,25.480833333,0.384289111,9.792006792
2,13000,0,0,4,3000,11,25.419444444,0.385313778,9.794462168
2,13000,0,0,4,3000,12,25.573611111,0.385223778,9.851563084
2,13000,0,0,4,3000,13,25.487500000,0.386755667,9.857435054
2,13000,0,0,4,3000,14,25.540000000,0.384055000,9.808764700
2,13000,0,0,4,3000,15,24.916944444,0.382738889,9.536683631
2,13000,0,0,4,4000,0,25.177222222,0.385827111,9.714054916
2,13000,0,0,4,4000,1,25.277222222,0.385863556,9.753558841
2,13000,0,0,4,4000,2,25.264444444,0.383335667,9.684762654
2,13000,0,0,4,4000,3,25.987777778,0.385643833,10.022026242
2,13000,0,0,4,4000,4,25.647777778,0.383554556,9.837322007
2,13000,0,0,4,4000,5,25.431111111,0.385322167,9.799170834
2,13000,0,0,4,4000,6,25.281666667,0.384054722,9.709543469
2,13000,0,0,4,4000,7,25.056111111,0.384690611,9.638850695
2,13000,0,0,4,4000,8,25.386388889,0.384509500,9.761307698
2,13000,0,0,4,4000,9,25.333888889,0.384839000,9.749468466
2,13000,0,0,4,4000,10,25.485833333,0.384283278,9.793779570
2,13000,0,0,4,4000,11,25.319166667,0.385476778,9.759950783
2,13000,0,0,4,4000,12,25.375000000,0.385320333,9.777503458
2,13000,0,0,4,4000,13,25.560833333,0.386868111,9.888671310
2,13000,0,0,4,4000,14,25.443333333,0.383947056,9.768892917
2,13000,0,0,4,4000,15,25.134444444,0.382659778,9.617940926
2,13000,0,0,4,5000,0,25.420000000,0.385889278,9.809305441
2,13000,0,0,4,5000,1,25.276111111,0.385879944,9.753544351
2,13000,0,0,4,5000,2,25.119444444,0.383154056,9.624617012
2,13000,0,0,4,5000,3,25.588055556,0.385644444,9.867891469
2,13000,0,0,4,5000,4,25.579722222,0.383709667,9.815186687
2,13000,0,0,4,5000,5,25.275833333,0.385092500,9.733533848
2,13000,0,0,4,5000,6,25.185277778,0.384175056,9.675555489
2,13000,0,0,4,5000,7,25.119166667,0.384597611,9.660771493
2,13000,0,0,4,5000,8,25.275277778,0.384454222,9.717187260
2,13000,0,0,4,5000,9,25.245555556,0.384739667,9.712966629
2,13000,0,0,4,5000,10,25.666666667,0.384440389,9.867303315
2,13000,0,0,4,5000,11,25.279166667,0.385331667,9.740863424
2,13000,0,0,4,5000,12,25.456666667,0.385210444,9.806173881
2,13000,0,0,4,5000,13,25.562777778,0.386677167,9.884542483
2,13000,0,0,4,5000,14,25.462500000,0.383902944,9.775128723
2,13000,0,0,4,5000,15,25.002500000,0.382795833,9.570852823
2,13000,0,0,4,6000,0,25.471388889,0.385782111,9.826406178
2,13000,0,0,4,6000,1,25.317777778,0.385830278,9.768365233
2,13000,0,0,4,6000,2,25.258055556,0.383153389,9.677709583
2,13000,0,0,4,6000,3,25.499166667,0.385800556,9.837592666
2,13000,0,0,4,6000,4,25.566944444,0.383709389,9.810276629
2,13000,0,0,4,6000,6,25.317222222,0.384194944,9.726748785
2,13000,0,0,4,6000,5,25.565833333,0.385097278,9.845332821
2,13000,0,0,4,6000,7,25.079722222,0.384648222,9.646870567
2,13000,0,0,4,6000,8,25.532500000,0.384706167,9.822510200
2,13000,0,0,4,6000,10,25.482777778,0.384282778,9.792592630
2,13000,0,0,4,6000,9,25.397222222,0.384539667,9.766239368
2,13000,0,0,4,6000,11,25.400833333,0.385114167,9.782220762
2,13000,0,0,4,6000,12,25.338888889,0.385161889,9.759574307
2,13000,0,0,4,6000,14,25.387500000,0.383798278,9.743678777
2,13000,0,0,4,6000,13,25.395555556,0.386649278,9.819173214
2,13000,0,0,4,6000,15,24.983611111,0.382838944,9.564699306
2,13000,0,0,4,7000,0,25.156944444,0.385620944,9.701044676
2,13000,0,0,4,7000,1,25.356666667,0.385983000,9.787242270
2,13000,0,0,4,7000,2,25.450000000,0.383303778,9.755081144
2,13000,0,0,4,7000,3,25.726388889,0.386030167,9.931162191
2,13000,0,0,4,7000,4,25.552222222,0.383518389,9.799747099
2,13000,0,0,4,7000,5,25.279722222,0.385296833,9.740196920
2,13000,0,0,4,7000,6,25.382777778,0.384079500,9.749004598
2,13000,0,0,4,7000,7,25.149444444,0.384797222,9.677436363
2,13000,0,0,4,7000,8,25.227222222,0.384564056,9.701482888
2,13000,0,0,4,7000,9,25.173888889,0.384660500,9.683400687
2,13000,0,0,4,7000,10,25.512777778,0.384257333,9.803471955
2,13000,0,0,4,7000,12,25.392222222,0.385316556,9.784043605
2,13000,0,0,4,7000,11,25.355000000,0.385406056,9.771970539
2,14000,0,0,0,0,0,25.321388889,0.385798500,9.768953851
2,14000,0,0,0,0,1,25.293333333,0.385859611,9.759675764
2,14000,0,0,0,0,2,25.407500000,0.383107611,9.733806629
2,14000,0,0,0,0,3,25.838888889,0.385623667,9.964087076
2,14000,0,0,0,0,4,25.549166667,0.383526111,9.798772534
2,14000,0,0,0,0,5,25.249722222,0.385148944,9.724903861
2,13000,0,0,4,7000,14,25.433055556,0.384196056,9.771279625
2,14000,0,0,0,0,6,25.133055556,0.383820111,9.646572176
2,13000,0,0,4,7000,13,25.629722222,0.386758444,9.912511498
2,14000,0,0,0,0,7,25.200833333,0.384498111,9.689672815
2,14000,0,0,0,0,8,25.180833333,0.384386556,9.679173791
2,14000,0,0,0,0,9,25.323055556,0.384593056,9.739071312
2,14000,0,0,0,0,10,25.563055556,0.384181944,9.820864389
2,14000,0,0,0,0,11,25.313055556,0.385235222,9.751480582
2,14000,0,0,0,0,12,25.657222222,0.385113722,9.880948352
2,14000,0,0,0,0,13,25.455000000,0.386574222,9.840246827
2,14000,0,0,0,0,14,25.454444444,0.383960611,9.773504044
2,14000,0,0,0,0,15,25.344722222,0.382711833,9.699725107
2,13000,0,0,4,7000,15,25.086111111,0.382700111,9.600457510
2,14000,0,0,1,3000,1,25.234722222,0.385777667,9.734992258
2,14000,0,0,1,3000,0,25.236666667,0.385694111,9.733633717
2,14000,0,0,1,3000,2,25.260833333,0.382923833,9.672975133
2,14000,0,0,1,3000,3,25.989722222,0.385613889,10.021997857
2,14000,0,0,1,3000,4,25.578888889,0.383281444,9.803913481
2,14000,0,0,1,3000,5,25.438611111,0.384849611,9.790039593
2,14000,0,0,1,3000,6,25.393611111,0.383844111,9.747188085
2,14000,0,0,1,3000,7,25.220277778,0.384419500,9.695166573
2,14000,0,0,1,3000,8,25.332500000,0.384592833,9.742697950
2,14000,0,0,1,3000,9,25.333055556,0.384595667,9.742983390
2,14000,0,0,1,3000,10,25.455555556,0.383883056,9.771956448
2,14000,0,0,1,3000,11,25.236111111,0.385177500,9.720382188
2,14000,0,0,1,3000,12,25.621388889,0.385171278,9.868623097
2,14000,0,0,1,3000,14,25.485000000,0.383912556,9.784011478
2,14000,0,0,1,3000,13,25.456944444,0.386583278,9.841229026
2,14000,0,0,1,3000,15,25.020833333,0.382600000,9.572970833
2,14000,0,0,1,4000,0,25.301111111,0.385597222,9.756038164
2,14000,0,0,1,4000,1,25.387500000,0.385692556,9.791769754
2,14000,0,0,1,4000,2,25.165555556,0.382861167,9.634913960
2,14000,0,0,1,4000,3,25.615000000,0.385562778,9.876190553
2,14000,0,0,1,4000,4,25.546666667,0.383335056,9.792932886
2,14000,0,0,1,4000,6,25.054444444,0.383909111,9.618629496
2,14000,0,0,1,4000,5,25.436944444,0.385103167,9.795847856
2,14000,0,0,1,4000,7,25.069722222,0.384415722,9.637195374
2,14000,0,0,1,4000,8,25.150277778,0.384627889,9.673498247
2,14000,0,0,1,4000,9,25.208611111,0.384362500,9.689244788
2,14000,0,0,1,4000,11,25.367777778,0.384941333,9.765106201
2,14000,0,0,1,4000,10,25.495555556,0.383849056,9.786444921
2,14000,0,0,1,4000,12,25.332777778,0.384968944,9.752332721
2,14000,0,0,1,4000,13,25.410277778,0.386427500,9.819230116
2,14000,0,0,1,4000,14,25.488333333,0.383709000,9.780102895
2,14000,0,0,1,4000,15,25.346666667,0.382713833,9.700519962
2,14000,0,0,1,5000,0,25.161388889,0.385607333,9.702416072
2,14000,0,0,1,5000,1,25.417500000,0.385658000,9.802462215
2,14000,0,0,1,5000,2,25.302222222,0.383056500,9.692180687
2,14000,0,0,1,5000,3,25.772777778,0.385732944,9.941409459
2,14000,0,0,1,5000,4,25.508611111,0.383379278,9.779472905
2,14000,0,0,1,5000,5,25.254444444,0.385151500,9.726787159
2,14000,0,0,1,5000,6,25.244166667,0.383867611,9.690417953
2,14000,0,0,1,5000,7,25.097222222,0.384449556,9.648615929
2,14000,0,0,1,5000,8,25.331111111,0.384571444,9.741621989
2,14000,0,0,1,5000,9,25.282777778,0.384464667,9.720334731
2,14000,0,0,1,5000,10,25.391111111,0.383982611,9.749745143
2,14000,0,0,1,5000,11,25.315277778,0.385224778,9.752072256
2,14000,0,0,1,5000,12,25.612777778,0.384975611,9.860294777
2,14000,0,0,1,5000,14,25.415000000,0.383816000,9.754683640
2,14000,0,0,1,5000,13,25.494166667,0.386721167,9.859133877
2,14000,0,0,1,5000,15,25.316666667,0.382784556,9.690828998
2,14000,0,0,1,6000,0,25.197777778,0.385555111,9.715132011
2,14000,0,0,1,6000,1,25.278333333,0.385662722,9.748910847
2,14000,0,0,1,6000,2,25.174166667,0.383025611,9.642350572
2,14000,0,0,1,6000,3,25.928611111,0.385679056,10.000122245
2,14000,0,0,1,6000,4,25.475833333,0.383429722,9.768191698
2,14000,0,0,1,6000,5,25.526944444,0.384940167,9.826346249
2,14000,0,0,1,6000,6,25.463055556,0.383942944,9.776360525
2,14000,0,0,1,6000,7,25.071944444,0.384443778,9.638753038
2,14000,0,0,1,6000,8,25.181944444,0.384385778,9.679581301
2,14000,0,0,1,6000,9,25.175555556,0.384415000,9.677861189
2,14000,0,0,1,6000,10,25.548333333,0.383987000,9.810227872
2,14000,0,0,1,6000,11,25.196944444,0.385228611,9.706583913
2,14000,0,0,1,6000,12,25.410555556,0.385066611,9.784756514
2,14000,0,0,1,6000,13,25.625000000,0.386499556,9.904051111
2,14000,0,0,1,6000,14,25.379166667,0.383875611,9.742443114
2,14000,0,0,1,6000,15,25.018055556,0.382606778,9.572077622
2,14000,0,0,1,7000,0,25.201388889,0.385547556,9.716333883
2,14000,0,0,1,7000,1,25.292500000,0.385850278,9.759118151
2,14000,0,0,1,7000,2,25.232500000,0.383170889,9.668359454
2,14000,0,0,1,7000,3,25.896111111,0.385727111,9.988832128
2,14000,0,0,1,7000,4,25.505833333,0.383383333,9.778511403
2,14000,0,0,1,7000,5,25.291944444,0.384913333,9.735206643
2,14000,0,0,1,7000,6,25.324166667,0.383943611,9.723051998
2,14000,0,0,1,7000,7,24.963611111,0.384388444,9.595723643
2,14000,0,0,1,7000,8,25.176111111,0.384379667,9.677185197
2,14000,0,0,1,7000,9,25.134444444,0.384265278,9.658294276
2,14000,0,0,1,7000,10,25.456111111,0.384151444,9.779001853
2,14000,0,0,1,7000,11,25.606388889,0.385402500,9.868766294
2,14000,0,0,1,7000,12,25.340555556,0.384966722,9.755270612
2,14000,0,0,1,7000,13,25.489444444,0.386522278,9.852238126
2,14000,0,0,2,3000,0,25.269166667,0.385675389,9.745695681
2,14000,0,0,1,7000,14,25.267777778,0.383806278,9.697931737
2,14000,0,0,1,7000,15,24.880277778,0.382588389,9.518905390
2,14000,0,0,2,3000,1,25.314444444,0.385798889,9.766284540
2,14000,0,0,2,3000,2,25.118333333,0.383134611,9.623702873
2,14000,0,0,2,3000,3,25.550833333,0.385480000,9.849335233
2,14000,0,0,2,3000,4,25.548055556,0.383325278,9.793215493
2,14000,0,0,2,3000,6,25.350833333,0.383893056,9.732008869
2,14000,0,0,2,3000,5,25.551666667,0.384880167,9.834329725
2,14000,0,0,2,3000,7,25.080555556,0.384438111,9.641921403
2,14000,0,0,2,3000,8,25.330555556,0.384580000,9.741625056
2,14000,0,0,2,3000,10,25.514166667,0.384032944,9.798280550
2,14000,0,0,2,3000,9,25.127500000,0.384269667,9.655736049
2,14000,0,0,2,3000,11,25.236111111,0.385139389,9.719420411
2,14000,0,0,2,3000,12,25.586111111,0.385216333,9.856187906
2,14000,0,0,2,3000,14,25.376666667,0.383689278,9.736754906
2,14000,0,0,2,3000,13,25.412222222,0.386433722,9.820139623
2,14000,0,0,2,3000,15,25.229166667,0.382489611,9.649894147
2,14000,0,0,2,4000,0,25.412222222,0.385839278,9.805033469
2,14000,0,0,2,4000,1,25.223055556,0.385759222,9.730026293
2,14000,0,0,2,4000,2,25.400277778,0.383100944,9.730870406
2,14000,0,0,2,4000,3,25.508055556,0.385528056,9.834071059
2,14000,0,0,2,4000,4,25.518055556,0.383380611,9.783127733
2,14000,0,0,2,4000,5,25.326944444,0.385056167,9.752296141
2,14000,0,0,2,4000,7,25.073055556,0.384255944,9.634470643
2,14000,0,0,2,4000,6,25.366388889,0.384113944,9.743583692
2,14000,0,0,2,4000,8,25.402500000,0.384491444,9.767043918
2,14000,0,0,2,4000,9,25.195555556,0.384372333,9.684474479
2,14000,0,0,2,4000,10,25.677500000,0.383960667,9.859150018
2,14000,0,0,2,4000,11,25.376666667,0.384933444,9.768327709
2,14000,0,0,2,4000,12,25.540555556,0.385109944,9.835921931
2,14000,0,0,2,4000,13,25.450000000,0.386568278,9.838162669
2,14000,0,0,2,4000,14,25.398611111,0.383834000,9.748850497
2,14000,0,0,2,4000,15,24.908055556,0.382547500,9.528514383
2,14000,0,0,2,5000,0,25.156111111,0.385606667,9.700364152
2,14000,0,0,2,5000,1,25.348055556,0.385753778,9.778108190
2,14000,0,0,2,5000,2,25.336666667,0.383204111,9.709114829
2,14000,0,0,2,5000,3,25.859166667,0.385770000,9.975690725
2,14000,0,0,2,5000,4,25.510833333,0.383369778,9.780082506
2,14000,0,0,2,5000,5,25.288888889,0.385107889,9.738950612
2,14000,0,0,2,5000,6,25.256111111,0.384074944,9.700239472
2,14000,0,0,2,5000,7,25.336111111,0.384474111,9.741078798
2,14000,0,0,2,5000,8,25.373055556,0.384542778,9.757025264
2,14000,0,0,2,5000,9,25.247500000,0.384509389,9.707900796
2,14000,0,0,2,5000,10,25.574722222,0.384119778,9.823756617
2,14000,0,0,2,5000,11,25.282222222,0.385280222,9.740740196
2,14000,0,0,2,5000,12,25.463055556,0.384963944,9.802358304
2,14000,0,0,2,5000,13,25.739166667,0.386535222,9.949094507
2,14000,0,0,2,5000,14,25.382222222,0.384064222,9.748403436
2,14000,0,0,2,5000,15,25.321666667,0.382782944,9.692702125
2,14000,0,0,2,6000,0,25.197777778,0.385560833,9.715276198
2,14000,0,0,2,6000,1,25.279166667,0.385659556,9.749152181
2,14000,0,0,2,6000,2,25.270000000,0.383126778,9.681613674
2,14000,0,0,2,6000,4,25.551111111,0.383325389,9.794389603
2,14000,0,0,2,6000,3,25.861666667,0.385778722,9.976880721
2,14000,0,0,2,6000,5,25.249166667,0.384953722,9.719760691
2,14000,0,0,2,6000,7,25.106666667,0.384390222,9.650757179
2,14000,0,0,2,6000,6,25.405555556,0.383798111,9.750604234
2,14000,0,0,2,6000,8,25.235555556,0.384535556,9.703968375
2,14000,0,0,2,6000,9,25.203333333,0.384375333,9.687539651
2,14000,0,0,2,6000,10,25.622777778,0.384258833,9.845778696
2,14000,0,0,2,6000,11,25.355555556,0.385194222,9.766813501
2,14000,0,0,2,6000,12,25.358888889,0.384920056,9.761144920
2,14000,0,0,2,6000,13,25.625000000,0.386503056,9.904140799
2,14000,0,0,2,6000,14,25.463611111,0.383717278,9.770827538
2,14000,0,0,2,7000,0,25.201388889,0.385544389,9.716254078
2,14000,0,0,2,6000,15,25.311111111,0.382769833,9.688329781
2,14000,0,0,2,7000,1,25.232222222,0.385770444,9.733845581
2,14000,0,0,2,7000,2,25.081111111,0.383183222,9.610660972
2,14000,0,0,2,7000,4,25.586388889,0.383468722,9.811579854
2,14000,0,0,2,7000,3,25.896944444,0.385731222,9.989260032
2,14000,0,0,2,7000,5,25.291111111,0.384915278,9.734935059
2,14000,0,0,2,7000,7,24.963611111,0.384382833,9.595583569
2,14000,0,0,2,7000,6,25.464722222,0.383930000,9.776670803
2,14000,0,0,2,7000,8,25.227500000,0.384528111,9.700682923
2,14000,0,0,2,7000,9,25.245555556,0.384322333,9.702430817
2,14000,0,0,2,7000,12,25.336111111,0.384964278,9.753497716
2,14000,0,0,2,7000,10,25.548333333,0.383989667,9.810296001
2,14000,0,0,2,7000,11,25.377777778,0.385140833,9.774018481
2,14000,0,0,4,3000,0,25.368055556,0.385503389,9.779471386
2,14000,0,0,2,7000,13,25.489444444,0.386529556,9.852423632
2,14000,0,0,2,7000,15,24.881111111,0.382601333,9.519546286
2,14000,0,0,2,7000,14,25.516111111,0.383857611,9.794553456
2,14000,0,0,4,3000,1,25.310833333,0.385803222,9.765001057
2,14000,0,0,4,3000,2,25.115277778,0.382934611,9.617509129
2,14000,0,0,4,3000,3,25.594722222,0.385607000,9.869504052
2,14000,0,0,4,3000,4,25.577222222,0.383263667,9.802819972
2,14000,0,0,4,3000,5,25.464444444,0.385058389,9.805297952
2,14000,0,0,4,3000,6,25.393611111,0.384039500,9.752149714
2,14000,0,0,4,3000,7,25.116944444,0.384394833,9.654823674
2,14000,0,0,4,3000,8,25.260000000,0.384481056,9.711991463
2,14000,0,0,4,3000,9,25.167777778,0.384413167,9.674825154
2,14000,0,0,4,3000,10,25.748333333,0.383842000,9.883291763
2,14000,0,0,4,3000,12,25.554166667,0.385130944,9.841700343
2,14000,0,0,4,3000,11,25.432500000,0.385027111,9.792202003
2,14000,0,0,4,3000,13,25.563888889,0.386633500,9.883855835
2,14000,0,0,4,3000,14,25.445555556,0.383752056,9.764784249
2,14000,0,0,4,4000,0,25.136111111,0.385659667,9.693984232
2,14000,0,0,4,3000,15,25.090833333,0.382492000,9.597043023
2,14000,0,0,4,4000,1,25.281388889,0.385861444,9.755113234
2,14000,0,0,4,4000,2,25.410277778,0.383112167,9.734986575
2,14000,0,0,4,4000,4,25.615555556,0.383205611,9.816024621
2,14000,0,0,4,4000,3,25.750277778,0.385735500,9.932796274
2,14000,0,0,4,4000,5,25.285000000,0.384902611,9.732262522
2,14000,0,0,4,4000,6,25.281666667,0.384197111,9.713143297
2,14000,0,0,4,4000,8,25.257777778,0.384488389,9.711322285
2,14000,0,0,4,4000,7,25.430555556,0.384312111,9.773270492
2,14000,0,0,4,4000,9,25.140277778,0.384463222,9.665512202
2,14000,0,0,4,4000,10,25.495833333,0.384032111,9.791218700
2,14000,0,0,4,4000,12,25.556388889,0.385268778,9.846078712
2,14000,0,0,4,4000,11,25.345555556,0.384972111,9.757332030
2,14000,0,0,4,4000,13,25.532777778,0.386669111,9.872736488
2,14000,0,0,4,4000,14,25.492500000,0.383919222,9.787060773
2,14000,0,0,4,4000,15,24.950000000,0.382506167,9.543528858
2,14000,0,0,4,5000,0,25.205000000,0.385741556,9.722615908
2,14000,0,0,4,5000,1,25.287500000,0.385856278,9.757340624
2,14000,0,0,4,5000,2,25.348055556,0.382943833,9.706881562
2,14000,0,0,4,5000,3,25.498055556,0.385530167,9.830269608
2,14000,0,0,4,5000,4,25.598333333,0.383475222,9.816326564
2,14000,0,0,4,5000,5,25.393888889,0.384949889,9.775374706
2,14000,0,0,4,5000,6,25.318888889,0.383954889,9.721311170
2,14000,0,0,4,5000,7,25.398888889,0.384358889,9.762288712
2,14000,0,0,4,5000,8,25.223611111,0.384543611,9.699578502
2,14000,0,0,4,5000,9,25.130555556,0.384265444,9.656804100
2,14000,0,0,4,5000,10,25.466111111,0.383905444,9.776578704
2,14000,0,0,4,5000,11,25.389444444,0.385321111,9.783088944
2,14000,0,0,4,5000,12,25.441944444,0.385064556,9.796791030
2,14000,0,0,4,5000,13,25.569444444,0.386623500,9.885748104
2,14000,0,0,4,5000,14,25.489444444,0.383712889,9.780628364
2,14000,0,0,4,5000,15,24.994444444,0.382652667,9.564190819
2,14000,0,0,4,6000,0,25.201388889,0.385555111,9.716524293
2,14000,0,0,4,6000,1,25.397222222,0.385713889,9.796061350
2,14000,0,0,4,6000,2,25.260555556,0.383121889,9.677871759
2,14000,0,0,4,6000,4,25.551111111,0.383325833,9.794400959
2,14000,0,0,4,6000,3,25.825833333,0.385641667,9.959517410
2,14000,0,0,4,6000,5,25.251111111,0.384938389,9.720122029
2,14000,0,0,4,6000,6,25.353333333,0.383893944,9.732991138
2,14000,0,0,4,6000,7,25.167500000,0.384541222,9.677941210
2,14000,0,0,4,6000,8,25.264444444,0.384490000,9.713926244
2,14000,0,0,4,6000,9,25.155833333,0.384223944,9.665473509
2,14000,0,0,4,6000,10,25.401388889,0.383812500,9.749370573
2,14000,0,0,4,6000,12,25.488333333,0.384959444,9.811974640
2,14000,0,0,4,6000,11,25.355833333,0.385180944,9.766583831
2,14000,0,0,4,6000,13,25.783333333,0.386489444,9.964986176
2,14000,0,0,4,6000,14,25.400277778,0.384065667,9.755374618
2,14000,0,0,4,6000,15,24.991944444,0.382636333,9.562825985
2,14000,0,0,4,7000,0,25.141666667,0.385654278,9.695991300
2,14000,0,0,4,7000,1,25.232777778,0.385770333,9.734057094
2,14000,0,0,4,7000,2,25.220555556,0.382979667,9.658959960
2,14000,0,0,4,7000,4,25.570555556,0.383463778,9.805381833
2,14000,0,0,4,7000,3,25.847777778,0.385385556,9.961360199
2,14000,0,0,4,7000,5,25.536388889,0.385153444,9.835428139
2,14000,0,0,4,7000,6,25.464722222,0.383928722,9.776638265
2,14000,0,0,4,7000,7,24.963611111,0.384389833,9.595758314
2,14000,0,0,4,7000,8,25.218055556,0.384514944,9.696719231
2,14000,0,0,4,7000,9,25.283888889,0.384454389,9.720502052
2,14000,0,0,4,7000,10,25.481944444,0.384087500,9.787296337
2,14000,0,0,4,7000,11,25.389722222,0.385144278,9.778706228
2,14000,0,0,4,7000,12,25.333888889,0.384960833,9.752554978
2,15000,0,0,0,0,0,25.252500000,0.386084333,9.749594628
2,15000,0,0,0,0,1,25.327500000,0.386166278,9.780626400
2,15000,0,0,0,0,2,25.140000000,0.383670056,9.645465197
2,15000,0,0,0,0,3,25.861388889,0.386220833,9.988207168
2,15000,0,0,0,0,4,25.439166667,0.383819333,9.764043991
2,15000,0,0,0,0,5,25.626111111,0.385597111,9.881354413
2,15000,0,0,0,0,6,25.207500000,0.384281667,9.686780113
2,15000,0,0,0,0,7,25.281388889,0.384732944,9.726583187
2,15000,0,0,0,0,8,25.327500000,0.384719000,9.743970472
2,15000,0,0,0,0,9,25.211111111,0.384728389,9.699430160
2,14000,0,0,4,7000,13,25.674722222,0.386457778,9.922196095
2,14000,0,0,4,7000,14,25.441666667,0.383764722,9.763614141
2,15000,0,0,0,0,10,25.375277778,0.384354667,9.753106432
2,15000,0,0,0,0,11,25.320555556,0.385609556,9.763848174
2,15000,0,0,0,0,12,25.767500000,0.385510056,9.933630357
2,15000,0,0,0,0,13,25.569722222,0.387009222,9.895718310
2,15000,0,0,0,0,14,25.568611111,0.384147000,9.822105253
2,15000,0,0,0,0,15,25.125833333,0.382849444,9.619411333
2,14000,0,0,4,7000,15,25.109722222,0.382883167,9.614089959
2,15000,0,0,1,3000,1,25.286388889,0.386019833,9.761047624
2,15000,0,0,1,3000,0,25.138611111,0.386034278,9.704365585
2,15000,0,0,1,3000,2,25.161388889,0.383616389,9.652321145
2,15000,0,0,1,3000,3,25.685000000,0.386013556,9.914758174
2,15000,0,0,1,3000,5,25.245833333,0.385313444,9.727559000
2,15000,0,0,1,3000,4,25.643611111,0.383704389,9.839566130
2,15000,0,0,1,3000,6,25.260833333,0.384229111,9.705947538
2,15000,0,0,1,3000,7,25.276111111,0.384723556,9.724315337
2,15000,0,0,1,3000,8,25.184722222,0.384736111,9.689472087
2,15000,0,0,1,3000,10,25.488611111,0.384412167,9.798132223
2,15000,0,0,1,3000,9,25.400555556,0.384873222,9.775993663
2,15000,0,0,1,3000,11,25.363611111,0.385560944,9.779217855
2,15000,0,0,1,3000,12,25.586944444,0.385357167,9.860112415
2,15000,0,0,1,3000,14,25.484166667,0.384046556,9.787106430
2,15000,0,0,1,3000,15,24.967222222,0.383095667,9.564834642
2,15000,0,0,1,3000,13,25.603888889,0.386788167,9.903281243
2,15000,0,0,1,4000,0,25.288055556,0.386027333,9.761880651
2,15000,0,0,1,4000,1,25.243888889,0.385868333,9.740817332
2,15000,0,0,1,4000,2,25.339166667,0.383559389,9.719075282
2,15000,0,0,1,4000,3,25.906666667,0.385925111,9.998033212
2,15000,0,0,1,4000,4,25.522500000,0.383912944,9.798418125
2,15000,0,0,1,4000,5,25.397500000,0.385121111,9.781113419
2,15000,0,0,1,4000,6,25.248055556,0.384237833,9.701258163
2,15000,0,0,1,4000,7,25.117777778,0.384734444,9.663674279
2,15000,0,0,1,4000,8,25.358611111,0.384662833,9.754515199
2,15000,0,0,1,4000,9,25.366111111,0.384728111,9.759056014
2,15000,0,0,1,4000,10,25.377777778,0.384360611,9.754218175
2,15000,0,0,1,4000,11,25.277222222,0.385462889,9.743431101
2,15000,0,0,1,4000,12,25.499444444,0.385493889,9.829880003
2,15000,0,0,1,4000,13,25.355555556,0.387120889,9.815665205
2,15000,0,0,1,4000,14,25.465833333,0.384099889,9.781423754
2,15000,0,0,1,4000,15,24.952500000,0.382899333,9.554295615
2,15000,0,0,1,5000,0,25.138611111,0.386034611,9.704373964
2,15000,0,0,1,5000,1,25.256944444,0.386068556,9.750912059
2,15000,0,0,1,5000,2,25.077777778,0.383518222,9.617784751
2,15000,0,0,1,5000,3,25.930000000,0.386064889,10.010662569
2,15000,0,0,1,5000,4,25.605555556,0.383814722,9.827789193
2,15000,0,0,1,5000,5,25.359166667,0.385159556,9.767325363
2,15000,0,0,1,5000,6,25.291388889,0.384381833,9.721550429
2,15000,0,0,1,5000,7,25.106666667,0.384797167,9.660974198
2,15000,0,0,1,5000,8,25.359444444,0.384670167,9.755021721
2,15000,0,0,1,5000,9,25.175000000,0.384774722,9.686703632
2,15000,0,0,1,5000,10,25.423333333,0.384510833,9.775547086
2,15000,0,0,1,5000,11,25.333888889,0.385616111,9.769155713
2,15000,0,0,1,5000,12,25.348055556,0.385489889,9.771419120
2,15000,0,0,1,5000,13,25.531111111,0.387068889,9.882298810
2,15000,0,0,1,5000,14,25.625277778,0.384056667,9.841558766
2,15000,0,0,1,5000,15,25.305833333,0.382994889,9.692004826
2,15000,0,0,1,6000,0,25.155000000,0.385981333,9.709360440
2,15000,0,0,1,6000,2,25.059722222,0.383575167,9.612287128
2,15000,0,0,1,6000,1,25.286388889,0.386024833,9.761174056
2,15000,0,0,1,6000,3,25.850277778,0.385764278,9.972113737
2,15000,0,0,1,6000,4,25.550000000,0.383662333,9.802572617
2,15000,0,0,1,6000,6,25.142222222,0.384173944,9.658986683
2,15000,0,0,1,6000,5,25.686388889,0.385498944,9.902075803
2,15000,0,0,1,6000,7,25.158611111,0.384696333,9.678425446
2,15000,0,0,1,6000,8,25.161388889,0.384780167,9.681603410
2,15000,0,0,1,6000,9,25.257777778,0.384874722,9.721080206
2,15000,0,0,1,6000,10,25.399166667,0.384306167,9.761056378
2,15000,0,0,1,6000,11,25.279166667,0.385462000,9.744158142
2,15000,0,0,1,6000,12,25.554722222,0.385407889,9.848991543
2,15000,0,0,1,6000,14,25.426388889,0.383962167,9.762771368
2,15000,0,0,1,6000,13,25.540000000,0.387069167,9.885746517
2,15000,0,0,1,6000,15,25.130000000,0.382841222,9.620799914
2,15000,0,0,1,7000,0,25.191944444,0.385925500,9.722213756
2,15000,0,0,1,7000,1,25.257222222,0.386070833,9.751076831
2,15000,0,0,1,7000,2,25.447777778,0.383418444,9.757147370
2,15000,0,0,1,7000,3,25.856666667,0.385778111,9.974936026
2,15000,0,0,1,7000,4,25.385000000,0.383911444,9.745592017
2,15000,0,0,1,7000,5,25.401944444,0.385497056,9.792374789
2,15000,0,0,1,7000,7,25.134722222,0.384750333,9.670592753
2,15000,0,0,1,7000,6,25.400555556,0.384232667,9.759723196
2,15000,0,0,1,7000,8,25.150555556,0.384780056,9.677432164
2,15000,0,0,1,7000,9,25.253888889,0.384871444,9.719500695
2,15000,0,0,1,7000,10,25.520277778,0.384356556,9.808886063
2,15000,0,0,1,7000,11,25.444166667,0.385214778,9.801469008
2,15000,0,0,1,7000,12,25.476944444,0.385295556,9.816153464
2,15000,0,0,1,7000,14,25.501388889,0.384050167,9.793812653
2,15000,0,0,1,7000,13,25.540000000,0.387062167,9.885567737
2,15000,0,0,1,7000,15,24.998333333,0.383050833,9.575632415
2,15000,0,0,2,3000,0,25.311111111,0.385988167,9.769789374
2,15000,0,0,2,3000,1,25.290000000,0.386028611,9.762663575
2,15000,0,0,2,3000,2,25.125555556,0.383667889,9.639868857
2,15000,0,0,2,3000,3,25.735277778,0.386173167,9.938273714
2,15000,0,0,2,3000,4,25.495833333,0.383959611,9.789370252
2,15000,0,0,2,3000,5,25.470555556,0.385417889,9.816807751
2,15000,0,0,2,3000,6,25.358888889,0.384279111,9.744891281
2,15000,0,0,2,3000,7,25.198333333,0.384645778,9.692432524
2,15000,0,0,2,3000,8,25.141666667,0.384581111,9.669010102
2,15000,0,0,2,3000,9,25.328888889,0.384966167,9.750765261
2,15000,0,0,2,3000,10,25.487777778,0.384410167,9.797760904
2,15000,0,0,2,3000,11,25.361111111,0.385562556,9.778294812
2,15000,0,0,2,3000,12,25.486388889,0.385297278,9.819836259
2,15000,0,0,2,3000,13,25.504444444,0.386921222,9.868210817
2,15000,0,0,2,3000,14,25.536666667,0.384001167,9.806109793
2,15000,0,0,2,3000,15,24.910000000,0.382941722,9.539078301
2,15000,0,0,2,4000,0,25.246666667,0.386087333,9.747418209
2,15000,0,0,2,4000,1,25.244166667,0.386069222,9.745995791
2,15000,0,0,2,4000,2,25.233055556,0.383527889,9.677580527
2,15000,0,0,2,4000,3,25.558611111,0.385822500,9.861087235
2,15000,0,0,2,4000,4,25.624444444,0.383769389,9.833877385
2,15000,0,0,2,4000,5,25.642500000,0.385351222,9.881368716
2,15000,0,0,2,4000,6,25.235833333,0.384229944,9.696362840
2,15000,0,0,2,4000,7,25.368611111,0.384645722,9.757927743
2,15000,0,0,2,4000,8,25.509444444,0.384873000,9.817896412
2,15000,0,0,2,4000,10,25.377777778,0.384358556,9.754166010
2,15000,0,0,2,4000,9,25.331111111,0.384962056,9.751516603
2,15000,0,0,2,4000,12,25.538055556,0.385452778,9.843714453
2,15000,0,0,2,4000,11,25.493055556,0.385553167,9.828928297
2,15000,0,0,2,4000,13,25.461388889,0.386980667,9.853065246
2,15000,0,0,2,4000,14,25.459722222,0.384093556,9.778915232
2,15000,0,0,2,4000,15,24.916388889,0.382949833,9.541726972
2,15000,0,0,2,5000,0,25.287777778,0.386032833,9.761912504
2,15000,0,0,2,5000,1,25.283611111,0.386023556,9.760069458
2,15000,0,0,2,5000,3,25.581111111,0.385974278,9.873650886
2,15000,0,0,2,5000,2,25.370833333,0.383320556,9.725161928
2,15000,0,0,2,5000,4,25.540277778,0.383670500,9.799051145
2,15000,0,0,2,5000,5,25.320555556,0.385218722,9.753952057
2,15000,0,0,2,5000,7,25.122500000,0.384730056,9.665380821
2,15000,0,0,2,5000,6,25.203611111,0.384278556,9.685207273
2,15000,0,0,2,5000,8,25.258888889,0.384830722,9.720396454
2,15000,0,0,2,5000,9,25.293055556,0.384821556,9.733312984
2,15000,0,0,2,5000,12,25.445277778,0.385340389,9.805093234
2,15000,0,0,2,5000,10,25.519166667,0.384362000,9.808597938
2,15000,0,0,2,5000,11,25.419444444,0.385460722,9.798197414
2,15000,0,0,2,5000,13,25.622500000,0.386972833,9.915211422
2,15000,0,0,2,5000,14,25.524722222,0.384190111,9.806345867
2,15000,0,0,2,5000,15,25.093055556,0.382887333,9.607813127
2,15000,0,0,2,6000,0,25.173333333,0.385985278,9.716536059
2,15000,0,0,2,6000,1,25.288888889,0.386024889,9.762140523
2,15000,0,0,2,6000,2,25.168055556,0.383623444,9.655056162
2,15000,0,0,2,6000,4,25.550000000,0.383666167,9.802670558
2,15000,0,0,2,6000,3,25.849722222,0.385766722,9.971962612
2,15000,0,0,2,6000,5,25.510000000,0.385543167,9.835206182
2,15000,0,0,2,6000,6,25.299722222,0.384378944,9.724680523
2,15000,0,0,2,6000,7,25.055833333,0.384832167,9.642290629
2,15000,0,0,2,6000,8,25.156111111,0.384774778,9.679437063
2,15000,0,0,2,6000,11,25.251666667,0.385511000,9.734795268
2,15000,0,0,2,6000,9,25.348888889,0.384732167,9.752532945
2,15000,0,0,2,6000,10,25.556388889,0.384501389,9.826467023
2,15000,0,0,2,6000,12,25.579722222,0.385356389,9.857309384
2,15000,0,0,2,6000,14,25.381111111,0.384191056,9.751195869
2,15000,0,0,2,6000,13,25.503611111,0.386922833,9.867929471
2,15000,0,0,2,6000,15,25.280555556,0.383026722,9.683128330
2,15000,0,0,2,7000,0,25.207777778,0.385929556,9.728426474
2,15000,0,0,2,7000,1,25.258055556,0.386071444,9.751413992
2,15000,0,0,2,7000,4,25.383055556,0.383910611,9.744824370
2,15000,0,0,2,7000,3,25.736666667,0.386174667,9.938848671
2,15000,0,0,2,7000,2,25.447777778,0.383421278,9.757219472
2,15000,0,0,2,7000,7,25.101111111,0.384793667,9.658748582
2,15000,0,0,2,7000,5,25.402500000,0.385504667,9.792782295
2,15000,0,0,2,7000,6,25.400555556,0.384238222,9.759864310
2,15000,0,0,2,7000,8,25.211111111,0.384677778,9.698154198
2,15000,0,0,2,7000,9,25.254166667,0.384872389,9.719631454
2,15000,0,0,2,7000,10,25.452222222,0.384451778,9.785152082
2,15000,0,0,2,7000,11,25.444166667,0.385216833,9.801521310
2,15000,0,0,2,7000,12,25.445000000,0.385348889,9.805202478
2,15000,0,0,4,3000,0,25.317777778,0.385987056,9.772334498
2,15000,0,0,2,7000,13,25.503611111,0.386929111,9.868089577
2,15000,0,0,2,7000,14,25.501666667,0.384056722,9.794086511
2,15000,0,0,2,7000,15,25.001388889,0.383061722,9.577075086
2,15000,0,0,4,3000,1,25.316944444,0.385970778,9.771600738
2,15000,0,0,4,3000,2,25.165555556,0.383619167,9.653989451
2,15000,0,0,4,3000,4,25.383055556,0.383908000,9.744758092
2,15000,0,0,4,3000,5,25.213888889,0.385174389,9.711744244
2,15000,0,0,4,3000,3,25.877777778,0.385960833,9.987808676
2,15000,0,0,4,3000,6,25.282500000,0.384368722,9.717802220
2,15000,0,0,4,3000,8,25.327222222,0.384721667,9.743931145
2,15000,0,0,4,3000,7,25.237500000,0.384782389,9.710945540
2,15000,0,0,4,3000,9,25.250833333,0.384865944,9.718185819
2,15000,0,0,4,3000,10,25.620833333,0.384409000,9.848878921
2,15000,0,0,4,3000,11,25.346111111,0.385356556,9.767290075
2,15000,0,0,4,3000,12,25.347222222,0.385491278,9.771133083
2,15000,0,0,4,3000,13,25.512777778,0.387114389,9.876363378
2,15000,0,0,4,3000,14,25.425000000,0.384150833,9.767034938
2,15000,0,0,4,3000,15,24.994722222,0.382845000,9.569104429
2,15000,0,0,4,4000,0,25.143055556,0.386037778,9.706169293
2,15000,0,0,4,4000,1,25.389166667,0.386067278,9.801926460
2,15000,0,0,4,4000,2,25.081944444,0.383320722,9.614429059
2,15000,0,0,4,4000,3,25.801944444,0.386072833,9.961429797
2,15000,0,0,4,4000,4,25.645833333,0.383708500,9.840524240
2,15000,0,0,4,4000,5,25.330000000,0.385225056,9.757750657
2,15000,0,0,4,4000,6,25.309722222,0.384129611,9.722213755
2,15000,0,0,4,4000,7,25.303055556,0.384688611,9.733797299
2,15000,0,0,4,4000,8,25.150833333,0.384781778,9.677582363
2,15000,0,0,4,4000,9,25.168888889,0.384579667,9.679442899
2,15000,0,0,4,4000,10,25.620833333,0.384409056,9.848880344
2,15000,0,0,4,4000,12,25.338333333,0.385287000,9.762530435
2,15000,0,0,4,4000,11,25.346111111,0.385353611,9.767215444
2,15000,0,0,4,4000,13,25.543888889,0.387066222,9.887176573
2,15000,0,0,4,4000,14,25.494722222,0.384050667,9.791265066
2,15000,0,0,4,4000,15,25.016111111,0.382806833,9.576338277
2,15000,0,0,4,5000,0,25.170555556,0.385990389,9.715592527
2,15000,0,0,4,5000,1,25.389166667,0.386063889,9.801840419
2,15000,0,0,4,5000,2,25.133611111,0.383474667,9.638103143
2,15000,0,0,4,5000,4,25.508611111,0.383718556,9.788127410
2,15000,0,0,4,5000,3,25.634444444,0.386123611,9.898064258
2,15000,0,0,4,5000,5,25.506388889,0.385544667,9.833852202
2,15000,0,0,4,5000,6,25.355833333,0.384267500,9.743422685
2,15000,0,0,4,5000,8,25.186111111,0.384732000,9.689902900
2,15000,0,0,4,5000,7,25.361111111,0.384640889,9.754920321
2,15000,0,0,4,5000,9,25.237777778,0.384675111,9.708344971
2,15000,0,0,4,5000,11,25.243611111,0.385507167,9.731592996
2,15000,0,0,4,5000,10,25.627777778,0.384408222,9.851528495
2,15000,0,0,4,5000,12,25.546111111,0.385207889,9.840563530
2,15000,0,0,4,5000,13,25.544444444,0.387060667,9.887249696
2,15000,0,0,4,5000,14,25.459722222,0.384100278,9.779086378
2,15000,0,0,4,5000,15,25.120555556,0.382853611,9.617495408
2,15000,0,0,4,6000,0,25.173333333,0.385988389,9.716614376
2,15000,0,0,4,6000,1,25.212500000,0.386113333,9.734882417
2,15000,0,0,4,6000,2,25.118888889,0.383468667,9.632306830
2,15000,0,0,4,6000,4,25.546666667,0.383663611,9.801326385
2,15000,0,0,4,6000,3,25.797222222,0.386065667,9.959421795
2,15000,0,0,4,6000,5,25.226388889,0.385359000,9.721215996
2,15000,0,0,4,6000,6,25.300277778,0.384375667,9.724811138
2,15000,0,0,4,6000,7,25.208055556,0.384641167,9.696055898
2,15000,0,0,4,6000,8,25.361666667,0.384670722,9.755890633
2,15000,0,0,4,6000,9,25.286944444,0.384836667,9.731343410
2,15000,0,0,4,6000,10,25.561666667,0.384504722,9.828581541
2,15000,0,0,4,6000,12,25.348055556,0.385489944,9.771420528
2,15000,0,0,4,6000,11,25.362222222,0.385560222,9.778664036
2,15000,0,0,4,6000,13,25.508888889,0.387112222,9.874802664
2,15000,0,0,4,6000,14,25.522500000,0.384199056,9.805720395
2,15000,0,0,4,6000,15,24.978333333,0.382841111,9.562732887
2,15000,0,0,4,7000,0,25.385555556,0.385893778,9.796127934
2,15000,0,0,4,7000,1,25.310277778,0.385966444,9.768917922
2,15000,0,0,4,7000,2,25.131944444,0.383474611,9.637462622
2,15000,0,0,4,7000,3,25.615000000,0.385931667,9.885639642
2,15000,0,0,4,7000,4,25.439166667,0.383824444,9.764174013
2,15000,0,0,4,7000,5,25.587777778,0.385460889,9.863087567
2,15000,0,0,4,7000,7,25.100000000,0.384793222,9.658309878
2,15000,0,0,4,7000,6,25.400555556,0.384238278,9.759865721
2,15000,0,0,4,7000,8,25.333055556,0.384735222,9.746518759
2,15000,0,0,4,7000,9,25.261388889,0.384878444,9.722564060
2,15000,0,0,4,7000,10,25.386388889,0.384364500,9.757626672
2,15000,0,0,4,7000,12,25.651388889,0.385457333,9.887515957
2,15000,0,0,4,7000,11,25.357777778,0.385556944,9.776867318
2,15000,0,0,4,7000,13,25.508888889,0.387115333,9.874882025
2,15000,0,0,4,7000,14,25.477777778,0.384109000,9.786243744
2,15000,0,0,4,7000,15,25.055833333,0.382944833,9.595001920
